EPOCH,BATCH,P_LOSS_one_one,N_LOSS_one_one,P_LOSS_hie,N_LOSS_hie,P_LOSS_OTOL,N_LOSS_OTOL,P_LOSS_LTOL,N_LOSS_LTOL,P_LOSS_REL,N_LOSS_REL,P_LOSS_SIM_NO_HIE,N_LOSS_SIM_NO_HIE,P_LOSS_SAP1,P_LOSS_SAP2,P_LOSS_SVD1,P_LOSS_SVD2
1,0,1501.775390625,448.02459716796875,142.4431610107422,27.926488876342773,1444.266845703125,420.41314697265625,76.7781982421875,23.466415405273438,,,129.23532104492188,38.651824951171875,1.308768649560086,1.34721262433128,,
1,1,899.419677734375,1037.32666015625,96.69689178466797,66.34760284423828,638.3855590820312,735.6329345703125,76.77262878417969,87.96210479736328,,,68.34101867675781,78.81787109375,1.1578420639112894,1.1561370468173433,,
1,2,1042.268310546875,1160.927490234375,114.16897583007812,66.52452087402344,746.6482543945312,840.6056518554688,80.47579956054688,89.13433074951172,,,67.5774154663086,75.77915954589844,1.1386622428089006,1.1377263320300297,,
1,3,920.4474487304688,1000.4107666015625,103.41522979736328,66.63664245605469,806.654541015625,880.9227905273438,73.58574676513672,78.87867736816406,,,65.17345428466797,71.23336029052734,1.0673749091230869,1.065737824726745,,
1,4,753.37353515625,805.4664306640625,73.41777801513672,45.85596466064453,918.28662109375,983.3886108398438,89.83842468261719,94.87080383300781,,,61.95954895019531,66.41096496582031,0.925621558731444,0.9612002899206425,,
1,5,1141.3857421875,1210.563232421875,109.21825408935547,71.47703552246094,896.0912475585938,947.9142456054688,76.6323471069336,80.36924743652344,,,93.3410873413086,99.01827239990234,1.091741843476166,1.0514025619101748,,
1,6,1097.6500244140625,1151.5552978515625,117.08975219726562,77.26192474365234,733.4572143554688,782.3583374023438,66.56320190429688,69.07720947265625,,,72.50126647949219,76.21185302734375,1.0766760650373504,1.0425133788743397,,
1,7,888.5372924804688,938.6209716796875,94.42933654785156,53.16471481323242,1054.1107177734375,1113.85986328125,66.36016082763672,69.2347640991211,,,67.10963439941406,70.93611145019531,0.9514137790171419,0.9644168844979922,,
1,8,1062.473388671875,1110.4371337890625,103.4283447265625,62.22312927246094,682.2849731445312,726.9048461914062,64.0843276977539,66.27633666992188,,,77.79451751708984,81.68171691894531,1.0339659592200834,0.9912825962046058,,
1,9,1103.255126953125,1147.579833984375,106.10967254638672,63.68791580200195,690.8045043945312,717.3230590820312,69.33570098876953,71.564697265625,,,74.85260772705078,78.25243377685547,1.04833350295167,1.0174307560259357,,
1,10,1104.4560546875,1156.0401611328125,103.26806640625,49.01319122314453,821.7251586914062,856.1588134765625,96.03069305419922,99.25617980957031,,,85.19928741455078,89.41687774658203,1.0362542672944293,0.9852439243037467,,
1,11,954.363037109375,987.0134887695312,103.80865478515625,55.32158660888672,742.3504028320312,769.269775390625,64.2014389038086,66.04762268066406,,,67.44557189941406,70.26023864746094,0.9717803722406005,0.961273035129451,,
1,12,929.0823364257812,958.1732788085938,93.23297119140625,50.82474899291992,984.2578735351562,1014.6748657226562,85.46463775634766,87.63087463378906,,,70.6043930053711,73.46788787841797,0.9097418232654008,0.972459474331704,,
1,13,1073.5313720703125,1103.65283203125,107.17315673828125,56.13576889038086,695.3995361328125,707.8499755859375,69.98579406738281,70.92776489257812,,,79.20405578613281,82.19422149658203,0.9740328241315328,0.9740912177969573,,
1,14,968.7183837890625,993.022216796875,87.96101379394531,53.407283782958984,929.392333984375,958.3892822265625,77.89566802978516,79.01563262939453,,,71.86173248291016,74.31134796142578,0.93692815435942,0.9382348981647576,,
1,15,974.6084594726562,995.451171875,101.1556167602539,57.81195068359375,932.5679931640625,953.891845703125,66.8099136352539,68.3257064819336,,,68.4551010131836,70.1976547241211,0.919876771868067,0.9667553586047433,,
1,16,1021.4896240234375,1035.4095458984375,104.7022476196289,62.750892639160156,905.2443237304688,928.70166015625,67.28113555908203,67.78950500488281,,,77.80269622802734,79.06268310546875,0.9304022652765207,0.9607794599631884,,
1,17,1093.135986328125,1104.22412109375,104.32891845703125,54.24598693847656,1046.3291015625,1055.8916015625,64.67198944091797,65.30174255371094,,,77.31602478027344,78.26176452636719,0.9855329913983112,0.9316288089466346,,
1,18,1103.73974609375,1115.3048095703125,105.32140350341797,59.54331970214844,724.0902709960938,726.6360473632812,86.33883666992188,86.16146850585938,,,84.90987396240234,86.02469635009766,0.9262254399062968,0.9142780864478313,,
1,19,965.8082275390625,968.3121337890625,115.3794174194336,54.822879791259766,723.6264038085938,730.2327270507812,67.82494354248047,66.87752532958984,,,79.78678131103516,79.99650573730469,0.9202653292445608,0.9088201640371147,,
1,20,1043.2677001953125,1041.0765380859375,97.78941345214844,59.192604064941406,807.7517700195312,804.726806640625,65.17323303222656,64.51595306396484,,,83.4754409790039,83.69544982910156,0.9163725197394318,0.9095121790477864,,
1,21,986.3538208007812,977.9185791015625,88.9703369140625,56.386714935302734,973.9644775390625,967.31494140625,68.02684020996094,66.44196319580078,,,59.5943717956543,59.04367446899414,0.8654181606216013,0.8820594386250773,,
1,22,879.4268798828125,867.4315185546875,80.55194854736328,44.63283157348633,1108.9725341796875,1092.259033203125,65.27487182617188,63.85805130004883,,,68.87670135498047,68.039306640625,0.8426928096859158,0.8404548710036458,,
1,23,843.9804077148438,828.4000244140625,94.98058319091797,50.94947052001953,1086.9822998046875,1059.7332763671875,63.203426361083984,60.55133056640625,,,58.74758529663086,57.74827575683594,0.770044001936403,0.8185121644247325,,
1,24,1029.7923583984375,996.2686767578125,102.52629089355469,59.46687698364258,705.0156860351562,690.6412353515625,51.859947204589844,50.19718551635742,,,77.41448211669922,75.6392593383789,0.8486883059646967,0.8339518213238821,,
1,25,1101.342041015625,1064.167236328125,111.86286163330078,54.07465744018555,1030.8193359375,1002.5010986328125,71.51717376708984,68.08037567138672,,,80.07566833496094,78.08869934082031,0.8828355190431743,0.9075985549156369,,
1,26,1041.26953125,1004.3758544921875,113.13835906982422,66.41041564941406,979.2241821289062,950.1592407226562,65.6953125,63.21422576904297,,,78.16183471679688,75.3607406616211,0.8599285296852489,0.8864435654352326,,
1,27,979.4180908203125,936.5502319335938,102.02654266357422,68.88349151611328,850.0936279296875,808.0985107421875,66.44071960449219,62.757469177246094,,,71.82196044921875,68.82028198242188,0.8194834558239991,0.8285915495727834,,
1,28,990.9390258789062,943.5344848632812,105.02474212646484,56.255096435546875,710.0968627929688,681.5910034179688,60.711753845214844,57.24549102783203,,,79.68223571777344,75.9487533569336,0.8180600172055309,0.8183993255953267,,
1,29,1125.0782470703125,1066.8763427734375,114.50344848632812,64.03627014160156,935.26953125,882.6183471679688,41.506309509277344,39.45219802856445,,,93.0681381225586,88.25946807861328,0.8823163438751381,0.8740511811191922,,
1,30,902.175537109375,849.1122436523438,84.9867172241211,47.389610290527344,1071.847412109375,1009.3255004882812,89.17491149902344,82.27044677734375,,,64.02974700927734,60.61521530151367,0.7386415933977023,0.7892829478998573,,
1,31,941.8095703125,882.6248168945312,98.6241226196289,52.39048767089844,1240.3814697265625,1152.150390625,63.73469543457031,60.03424835205078,,,69.74031066894531,65.37425231933594,0.7580581334667522,0.80070789448001,,
1,32,922.827392578125,846.9909057617188,105.6434555053711,69.95926666259766,855.8958129882812,792.12744140625,61.540557861328125,56.26454162597656,,,75.74099731445312,69.90557098388672,0.6997423847905918,0.7692389639380387,,
1,33,1109.3253173828125,1022.9873046875,113.82572174072266,62.30669021606445,911.2786254882812,845.0220947265625,75.55428314208984,68.72441101074219,,,90.15861511230469,83.29715728759766,0.823121078833882,0.8047682255718506,,
1,34,1084.6688232421875,990.0804443359375,113.95299530029297,54.07223892211914,752.49951171875,683.9518432617188,64.73368072509766,58.0034065246582,,,71.73389434814453,65.99669647216797,0.7701805503727382,0.7353149887937681,,
1,35,883.42138671875,796.2271118164062,106.09960174560547,54.727149963378906,1008.2025756835938,900.5352783203125,51.07408905029297,44.751258850097656,,,69.64846801757812,62.794193267822266,0.6825742647204193,0.6900132845113798,,
1,36,1034.8355712890625,932.5488891601562,96.54750061035156,54.560935974121094,984.8795166015625,873.34033203125,65.47734832763672,57.239013671875,,,70.67256164550781,63.833702087402344,0.7133838112116473,0.723686377337725,,
1,37,1170.336181640625,1039.1351318359375,114.31172180175781,54.59473419189453,950.3641357421875,848.7131958007812,67.91394805908203,60.036766052246094,,,90.78048706054688,80.9532699584961,0.7395595122336875,0.7148974578603758,,
1,38,859.560302734375,762.8952026367188,104.13187408447266,61.377891540527344,1044.872802734375,914.7932739257812,77.07818603515625,66.6071548461914,,,66.19430541992188,58.610252380371094,0.635594971960926,0.6608761032021268,,
1,39,1077.2816162109375,937.8185424804688,105.2037353515625,58.21589279174805,642.692626953125,575.631591796875,100.29933166503906,85.91920471191406,,,82.7433090209961,72.78154754638672,0.6969257431071858,0.6629390840286234,,
1,40,990.992431640625,868.0042114257812,98.9793472290039,55.87333679199219,767.3019409179688,657.015380859375,116.94737243652344,100.15019226074219,,,74.62384796142578,64.79530334472656,0.6412375329788513,0.654218350954563,,
1,41,929.9852294921875,793.3590087890625,97.52132415771484,52.83664321899414,912.3235473632812,778.693115234375,89.4168930053711,75.95597076416016,,,69.35073852539062,59.35215377807617,0.5753711534857905,0.642060822562337,,
1,42,1071.9888916015625,918.1568603515625,98.16272735595703,44.55657958984375,685.6610717773438,577.2603759765625,81.16374206542969,66.93972778320312,,,78.34471893310547,67.07839965820312,0.6405176190783004,0.6313209493551095,,
1,43,872.6259765625,734.037841796875,96.1356201171875,39.683536529541016,1116.0753173828125,935.2262573242188,75.08293914794922,62.64787292480469,,,61.990535736083984,52.74614715576172,0.5683032857716355,0.6030942423170861,,
1,44,1045.001708984375,865.8818969726562,101.02776336669922,58.60198211669922,954.2583618164062,787.2984619140625,78.45183563232422,64.11917114257812,,,81.11051177978516,67.49246215820312,0.5534836290670618,0.5953743092614266,,
1,45,928.38623046875,772.2271118164062,107.62489318847656,56.83946990966797,984.8863525390625,797.2000732421875,63.94300842285156,51.947349548339844,,,84.60274505615234,70.11331939697266,0.5578449823129673,0.542612584196763,,
1,46,1079.7921142578125,868.0384521484375,119.88436126708984,56.7962760925293,816.2034912109375,660.878173828125,59.15068054199219,46.475006103515625,,,81.27334594726562,65.9855728149414,0.5346596576460769,0.5409887322959256,,
1,47,1154.94482421875,922.432373046875,123.4178466796875,61.3116340637207,838.3392333984375,681.5405883789062,58.952728271484375,46.9953498840332,,,83.763916015625,67.5364990234375,0.5604314850147359,0.5525651721676924,,
1,48,1251.52001953125,996.9171142578125,110.21336364746094,51.29059600830078,1149.26025390625,895.2056884765625,80.1420669555664,62.71411895751953,,,97.3608627319336,78.28755950927734,0.5585670797010848,0.552368820340047,,
1,49,1111.853515625,876.9866333007812,110.35157012939453,47.18186950683594,908.0745849609375,707.0887451171875,62.25717544555664,49.350643157958984,,,73.52157592773438,58.33393478393555,0.5173062922051148,0.4763694414907161,,
1,50,1280.909423828125,975.880126953125,117.21111297607422,51.2707633972168,977.190673828125,753.9218139648438,62.91360855102539,48.52659606933594,,,81.78728485107422,63.29025650024414,0.4869513792660785,0.5101730737973165,,
1,51,887.5540161132812,676.23388671875,111.32389831542969,50.74758529663086,1076.628173828125,809.4937133789062,75.53721618652344,54.90113830566406,,,73.63177490234375,56.01177978515625,0.44585988886625644,0.4422093759930627,,
1,52,1253.43359375,947.8905029296875,116.96031951904297,49.5611686706543,959.3703002929688,711.310546875,57.430076599121094,42.93824768066406,,,82.82157897949219,63.55186462402344,0.4875985805677675,0.4800695677019075,,
1,53,1083.4923095703125,800.9723510742188,110.9926986694336,54.213809967041016,953.4969482421875,710.0724487304688,82.40611267089844,59.74546813964844,,,74.1292724609375,55.22718811035156,0.4155078941725572,0.4505991534998746,,
1,54,1102.5721435546875,802.8353271484375,103.47521209716797,46.80184555053711,899.4409790039062,657.2469482421875,100.77665710449219,71.90945434570312,,,72.96147155761719,54.071983337402344,0.4130090721288297,0.42838863304079317,,
1,55,946.9629516601562,682.8052368164062,106.61296081542969,45.922542572021484,1059.51171875,752.799072265625,89.22771453857422,61.95749282836914,,,70.7214584350586,51.286556243896484,0.3571354280941659,0.38053051126908666,,
1,56,1217.472900390625,874.9317626953125,119.8429183959961,52.7158088684082,827.9678344726562,575.7967529296875,65.22770690917969,44.73675537109375,,,89.45283508300781,64.57514953613281,0.43710052674482286,0.41527839383808857,,
1,57,1081.0384521484375,769.8558349609375,124.43489837646484,52.655677795410156,672.979248046875,470.04852294921875,74.67784118652344,51.09821701049805,,,74.92711639404297,52.99140548706055,0.39829569097989476,0.38343085979310415,,
1,58,1192.6143798828125,825.6768798828125,117.88005065917969,44.243125915527344,916.0673217773438,627.0885009765625,73.88772583007812,51.37250518798828,,,80.73502349853516,56.070587158203125,0.3921851891287102,0.3819365142330322,,
1,59,992.11669921875,668.1029052734375,102.85694885253906,39.92711639404297,947.0662841796875,649.8643798828125,94.24813079833984,63.11416244506836,,,67.36012268066406,45.9119987487793,0.31679646155451524,0.3477335665950981,,
1,60,1026.972900390625,689.051025390625,118.82718658447266,51.650814056396484,706.934814453125,481.392822265625,89.13802337646484,57.457550048828125,,,81.17571258544922,54.820274353027344,0.3545047062624611,0.35334630098002234,,
1,61,1483.423095703125,976.6888427734375,132.06805419921875,49.47356033325195,902.7205200195312,596.1671142578125,78.28376007080078,52.2492561340332,,,92.10657501220703,62.1465950012207,0.37536333942144806,0.38941824529330044,,
1,62,1317.447509765625,860.3960571289062,116.84144592285156,49.505306243896484,1059.232177734375,687.5181884765625,114.5119857788086,74.3807144165039,,,93.31912994384766,61.91753387451172,0.36166650245610704,0.3573946731496033,,
2,0,1090.61328125,705.1891479492188,131.07708740234375,52.06523513793945,1016.7870483398438,632.5806274414062,67.2643051147461,41.72644805908203,,,80.60641479492188,52.81599426269531,0.3327980753639589,0.337512025198154,,
2,1,1114.526123046875,716.3689575195312,114.40912628173828,43.597774505615234,1460.679443359375,904.961181640625,71.50929260253906,43.229373931884766,,,81.28141784667969,52.19491195678711,0.3489423692507434,0.35618966282071785,,
2,2,1298.41796875,800.041259765625,129.78028869628906,51.489479064941406,1231.8712158203125,780.5584716796875,84.36422729492188,51.64299392700195,,,88.37255859375,55.99232864379883,0.3407105365259104,0.35820794873901035,,
2,3,1206.1561279296875,746.8383178710938,108.55602264404297,40.654876708984375,1125.41552734375,663.0689697265625,82.00415802001953,47.99434280395508,,,84.50824737548828,52.77063751220703,0.36059492050580666,0.35502504548056585,,
2,4,1312.0555419921875,802.315673828125,128.89625549316406,36.917266845703125,921.0538940429688,565.9772338867188,68.2137222290039,40.557979583740234,,,105.00032043457031,64.4017333984375,0.38230204138177004,0.35849823777995965,,
2,5,1413.9287109375,840.5479736328125,127.7891845703125,44.53562927246094,1122.843994140625,667.9800415039062,107.43745422363281,64.81050109863281,,,90.26838684082031,54.55226135253906,0.3562642268515193,0.3885688401209799,,
2,6,1152.822021484375,687.2828369140625,114.89533233642578,42.468719482421875,1231.7161865234375,723.9630737304688,55.287071228027344,33.411190032958984,,,91.2610092163086,54.65711212158203,0.3576815654752178,0.3773778626589367,,
2,7,1385.16552734375,798.513671875,127.0807876586914,48.761512756347656,852.7146606445312,477.80023193359375,63.33633804321289,35.626014709472656,,,104.47663116455078,60.980220794677734,0.39000538743797547,0.3863028424612549,,
2,8,1261.171630859375,728.6419677734375,129.48240661621094,42.09236145019531,1112.0098876953125,628.64453125,88.1711654663086,51.22233581542969,,,85.88801574707031,50.59626007080078,0.4050082854662801,0.42387702675330763,,
2,9,1341.712158203125,783.1847534179688,114.91806030273438,38.5936164855957,1081.9058837890625,614.8499145507812,68.98141479492188,39.50522232055664,,,97.5687484741211,56.400821685791016,0.38368429215033206,0.4103104069572994,,
2,10,997.3914794921875,569.3583984375,107.8855972290039,44.00630187988281,1157.509033203125,639.2552490234375,93.7200927734375,52.24374771118164,,,67.76234436035156,38.45304489135742,0.4102954942768664,0.3995610415192858,,
2,11,1289.03662109375,729.0057983398438,128.8694305419922,45.550018310546875,1095.38330078125,602.9639892578125,77.26185607910156,42.96871566772461,,,88.58293151855469,50.426422119140625,0.42475010253634793,0.428795503405128,,
2,12,1106.975830078125,632.7796630859375,109.26789855957031,33.02534484863281,1382.9049072265625,772.164794921875,67.16771697998047,36.34425354003906,,,82.47228240966797,47.40399169921875,0.4045103287134355,0.40567909362905286,,
2,13,1350.881103515625,748.4927368164062,136.80130004882812,53.26996994018555,1164.8648681640625,620.9288330078125,79.92623138427734,45.04768371582031,,,94.48651885986328,52.78776931762695,0.4130572027199938,0.4374772505849239,,
2,14,1621.9432373046875,898.182373046875,136.0491943359375,39.06434631347656,981.8414916992188,552.4890747070312,85.50711822509766,44.716644287109375,,,123.65181732177734,68.95606994628906,0.4427340385307709,0.4925383992180402,,
2,15,1380.6934814453125,762.9217529296875,130.6142120361328,37.17192077636719,1355.8828125,738.6075439453125,82.08260345458984,43.690269470214844,,,111.1568603515625,61.75643539428711,0.443121301537395,0.46959355449686135,,
2,16,1205.354248046875,644.386962890625,138.68141174316406,45.33363342285156,934.3900756835938,493.0092468261719,72.93315124511719,35.05220413208008,,,79.18672180175781,43.07926559448242,0.48115781558925963,0.4826884458582642,,
2,17,1386.5880126953125,740.2127685546875,139.32933044433594,51.40235900878906,1127.3814697265625,599.54150390625,88.50773620605469,46.44075012207031,,,89.15174865722656,47.45808410644531,0.4827073253611691,0.4760574760796768,,
2,18,1342.63623046875,722.67529296875,125.13068389892578,42.334434509277344,1062.980712890625,570.8209838867188,96.23551940917969,49.17983627319336,,,89.33495330810547,48.671287536621094,0.46912623252373226,0.4895965199563308,,
2,19,1450.5552978515625,774.1805419921875,143.07659912109375,47.78159713745117,1044.368896484375,539.4365234375,48.845497131347656,24.113759994506836,,,100.5580825805664,54.76778793334961,0.4946297546561157,0.5002322101337867,,
2,20,1206.572021484375,639.399658203125,120.9853744506836,41.25429916381836,1011.8426513671875,521.8748779296875,87.37960052490234,46.276214599609375,,,74.55178833007812,39.74977493286133,0.5159014071358241,0.502695524736169,,
2,21,1161.7012939453125,628.4265747070312,126.35758972167969,38.73649597167969,1098.7392578125,578.0205078125,93.28739166259766,47.03578567504883,,,85.8082504272461,46.00496292114258,0.46418329931010294,0.46973280172223353,,
2,22,1104.521728515625,582.4557495117188,126.45477294921875,38.138702392578125,1045.0372314453125,545.1931762695312,75.56574249267578,38.54276657104492,,,91.78363037109375,48.579044342041016,0.4825769001258921,0.468774058223459,,
2,23,1267.9688720703125,660.1953125,137.24005126953125,42.65313720703125,1254.145751953125,634.6849975585938,94.10160064697266,47.58526611328125,,,99.8777847290039,52.80710220336914,0.5331946518926086,0.4940678841865191,,
2,24,1390.3502197265625,737.8851928710938,140.9525146484375,42.364410400390625,1008.6224365234375,527.919921875,82.85166931152344,40.88972473144531,,,109.62452697753906,58.5285530090332,0.5056372826621938,0.501317432368741,,
2,25,1144.946044921875,602.2767333984375,118.57722473144531,41.32154083251953,1177.2735595703125,595.0466918945312,80.63874816894531,38.836830139160156,,,73.98211669921875,39.64129638671875,0.49537086857257345,0.5213442392902685,,
2,26,1150.827880859375,606.66943359375,133.7053680419922,43.07301712036133,1106.5821533203125,562.0479736328125,114.9000473022461,57.19137191772461,,,78.09929656982422,41.23674392700195,0.5241018622821791,0.47139867032563454,,
2,27,1141.674560546875,596.257568359375,115.7704086303711,40.7358283996582,1112.369384765625,566.0296630859375,72.34727478027344,35.46259689331055,,,87.87609100341797,46.41237258911133,0.5148435980559005,0.4851922177828465,,
2,28,1426.39501953125,742.1864013671875,146.59963989257812,44.47218322753906,1009.595703125,508.60577392578125,76.2298583984375,38.80138397216797,,,107.9798583984375,56.832515716552734,0.5099365937811411,0.5205596062542478,,
2,29,1491.263671875,782.5061645507812,139.35487365722656,42.98075866699219,948.4769897460938,470.4878845214844,93.25080871582031,47.1122932434082,,,98.76532745361328,51.95148468017578,0.5360965822597205,0.5503255025891064,,
2,30,1200.5015869140625,617.323486328125,113.33987426757812,35.47649383544922,1353.782470703125,671.9854736328125,103.74604034423828,51.363338470458984,,,83.91031646728516,44.37411880493164,0.5034368556354883,0.4778942633220934,,
2,31,1111.7430419921875,588.2679443359375,117.70267486572266,35.078243255615234,1110.7711181640625,554.8665161132812,102.3104019165039,49.6271858215332,,,84.3548583984375,44.849090576171875,0.48696685544922197,0.522088410210755,,
2,32,1389.546630859375,710.5548706054688,145.9027862548828,39.440460205078125,788.7088012695312,388.12103271484375,92.54662322998047,47.48851776123047,,,105.58075714111328,55.13819885253906,0.5547582614664411,0.53326715549057,,
2,33,1500.8006591796875,774.8351440429688,143.20816040039062,39.71841812133789,674.2703857421875,340.67242431640625,68.59420013427734,35.66633224487305,,,116.1307601928711,59.859928131103516,0.5577750259563983,0.5537396376049681,,
2,34,1363.3961181640625,709.2367553710938,130.0215301513672,35.27472686767578,1660.7843017578125,826.4935302734375,69.64974975585938,34.520545959472656,,,90.41862487792969,47.242496490478516,0.5291339555915284,0.554548029361707,,
2,35,1187.1253662109375,607.4193725585938,122.3314208984375,34.92556381225586,1156.0604248046875,569.9598999023438,87.7390365600586,41.374759674072266,,,85.49183654785156,44.36916732788086,0.5316402418160907,0.5274241666746725,,
2,36,1263.230712890625,653.4859619140625,127.51084899902344,38.391075134277344,841.3121337890625,423.5118408203125,103.35407257080078,50.79430389404297,,,88.35851287841797,46.799617767333984,0.5161177851319819,0.5464498479290699,,
2,37,1114.9803466796875,582.509521484375,115.43551635742188,34.24867248535156,937.5535888671875,475.0023498535156,125.45845031738281,60.67226028442383,,,81.27239227294922,43.149085998535156,0.5711860232529087,0.5193779389079667,,
2,38,1354.6673583984375,699.2667236328125,136.25274658203125,36.650238037109375,971.68408203125,495.5327453613281,90.43504333496094,44.0987434387207,,,101.90950775146484,53.58746337890625,0.5634367708294367,0.5517056295599376,,
2,39,1251.68359375,650.4428100585938,120.16837310791016,35.370540618896484,1299.560791015625,640.6651000976562,74.61593627929688,39.45413589477539,,,90.69084167480469,47.745792388916016,0.5359612550840251,0.5507288710675886,,
2,40,1199.6827392578125,630.7105712890625,112.00645446777344,34.71986389160156,1024.53076171875,507.17431640625,119.4217758178711,57.56248474121094,,,92.01583862304688,48.15663528442383,0.5554260901751191,0.5233945378140183,,
2,41,1335.0147705078125,702.2186279296875,142.01646423339844,43.74861145019531,1174.3916015625,593.6007690429688,66.23982238769531,32.49522018432617,,,96.0990982055664,50.32059860229492,0.5401130006159144,0.5824329905456719,,
2,42,1315.501220703125,679.9608764648438,131.35951232910156,42.784786224365234,846.2191772460938,425.84857177734375,102.84251403808594,49.43947219848633,,,84.98307037353516,44.39426040649414,0.5514995032448029,0.5495373791770108,,
2,43,1413.099365234375,741.9608154296875,127.43207550048828,38.14091873168945,1006.7744140625,507.5284423828125,76.42210388183594,39.13142395019531,,,101.84037017822266,52.74903869628906,0.5492713654805752,0.5806497559735099,,
2,44,1163.4986572265625,596.82373046875,107.61187744140625,32.849884033203125,1285.4146728515625,643.3834838867188,98.68887329101562,46.84767150878906,,,84.45418548583984,44.308815002441406,0.5548893340001373,0.5703394732113136,,
2,45,1541.6534423828125,782.3900756835938,136.349853515625,44.859375,1243.637451171875,620.1600341796875,59.78202438354492,28.1484375,,,88.82177734375,45.18193054199219,0.5568875119310305,0.583512085079493,,
2,46,1433.5657958984375,730.9637451171875,139.37759399414062,41.23415756225586,700.9596557617188,361.24725341796875,95.30958557128906,45.06934356689453,,,104.3585433959961,53.984718322753906,0.585033213025037,0.5772759685881315,,
2,47,1369.490966796875,699.0198974609375,126.10388946533203,43.66843795776367,1048.214111328125,515.7661743164062,67.35353088378906,31.843017578125,,,92.50675201416016,48.1806755065918,0.5530640028986273,0.5659121802307707,,
2,48,1234.273193359375,646.3622436523438,123.73458099365234,37.25334548950195,1253.64208984375,610.7257080078125,64.17471313476562,30.15436363220215,,,88.78271484375,46.11503219604492,0.5655323334571465,0.5871741301216488,,
2,49,1380.747802734375,711.004638671875,130.51168823242188,34.82381820678711,1238.8203125,588.5972290039062,60.64350891113281,28.311918258666992,,,97.26952362060547,50.799835205078125,0.5738038423970638,0.5877072218432681,,
2,50,1445.108154296875,744.611572265625,153.9724578857422,41.00214767456055,1157.8912353515625,559.19384765625,102.37648010253906,48.31658172607422,,,108.00334167480469,56.36970901489258,0.574571821153218,0.5912952918576986,,
2,51,1211.7900390625,622.4357299804688,120.2095718383789,38.63144302368164,1184.204345703125,587.27783203125,85.89198303222656,40.1014518737793,,,81.37409210205078,41.91874694824219,0.5656485687024427,0.5535676165347113,,
2,52,1397.44287109375,717.781494140625,117.60774993896484,35.45568084716797,1139.9141845703125,562.0228271484375,69.07354736328125,34.3623046875,,,92.60629272460938,48.359806060791016,0.5464963772738566,0.5864975617127187,,
2,53,1282.52294921875,636.3724365234375,138.98782348632812,43.16801452636719,1262.1956787109375,605.1593017578125,58.817039489746094,30.012075424194336,,,85.91190338134766,43.86993408203125,0.5609171199117747,0.5523742379658129,,
2,54,1335.3358154296875,678.8622436523438,136.58995056152344,41.361019134521484,1015.55908203125,488.0932312011719,91.66316986083984,43.18852233886719,,,85.26847076416016,43.6541748046875,0.5693579010106968,0.5466547521844323,,
2,55,1306.2464599609375,670.854248046875,121.65560150146484,34.31390380859375,1139.4140625,572.4624633789062,107.66146850585938,53.08900833129883,,,93.62983703613281,48.364898681640625,0.5993625934409268,0.60142789853499,,
2,56,1008.1799926757812,516.4163208007812,116.89832305908203,35.07270050048828,1288.46337890625,637.22119140625,106.86776733398438,48.97819137573242,,,71.49789428710938,36.9868278503418,0.5365544236190438,0.5673579606827452,,
2,57,1208.49072265625,629.3340454101562,108.73054504394531,29.91522789001465,1367.642822265625,668.8114013671875,83.98023986816406,40.198177337646484,,,98.4676513671875,51.3003044128418,0.5400947891292834,0.5781042172803226,,
2,58,1240.127197265625,638.4918823242188,135.23114013671875,43.56857681274414,912.4985961914062,446.4640197753906,96.61845397949219,44.362369537353516,,,92.15767669677734,47.98820495605469,0.5631064928059499,0.5701380516837129,,
2,59,1238.4378662109375,625.7813720703125,135.590576171875,39.12124252319336,999.8904418945312,506.5131530761719,77.84217071533203,36.48003005981445,,,92.93063354492188,48.75328063964844,0.5855863671978524,0.5884777572642046,,
2,60,1382.6282958984375,706.49365234375,132.5797882080078,38.1251220703125,1190.36328125,608.1476440429688,73.59422302246094,34.62321472167969,,,90.50666046142578,46.649452209472656,0.5774284553889278,0.6079004898320285,,
2,61,1398.855224609375,715.802001953125,140.70460510253906,48.29512405395508,1048.2720947265625,503.2687683105469,71.34099578857422,33.54833984375,,,101.78274536132812,52.43571472167969,0.5897519394418788,0.5955704210756363,,
2,62,1427.1990966796875,719.7633056640625,139.17137145996094,36.19847869873047,907.3396606445312,423.150390625,108.93614196777344,50.715423583984375,,,92.31304931640625,47.89535903930664,0.5734732994144749,0.6051891860582765,,
3,0,1087.5665283203125,561.5441284179688,116.74613952636719,32.44303512573242,1130.331298828125,550.5858154296875,101.80549621582031,45.50410461425781,,,79.62323760986328,41.336002349853516,0.5576811086890474,0.5740312397182381,,
3,1,1354.640625,690.7532958984375,134.49795532226562,35.54521942138672,903.7764282226562,440.044677734375,77.94480895996094,37.15937805175781,,,91.0738754272461,47.51213073730469,0.5848973072344296,0.6714156824746041,,
3,2,1141.45166015625,583.1904296875,128.98580932617188,40.50276565551758,1039.5263671875,500.5367431640625,75.88648986816406,37.113975524902344,,,90.68257904052734,46.86554718017578,0.554952378214036,0.5578970723072766,,
3,3,1238.435791015625,643.4888916015625,135.88172912597656,40.94857406616211,843.1123046875,406.85687255859375,91.15319061279297,44.75822067260742,,,92.46636962890625,48.218833923339844,0.5897586492113218,0.5298551970861407,,
3,4,1305.779541015625,656.364501953125,122.02197265625,37.32097625732422,1050.1737060546875,513.5076293945312,86.87110900878906,42.27571487426758,,,87.66634368896484,45.698055267333984,0.5625424286458903,0.5995535968439698,,
3,5,1520.495849609375,779.9921875,140.02960205078125,44.850955963134766,838.7039184570312,428.8691101074219,95.9689712524414,46.179500579833984,,,94.83146667480469,49.318599700927734,0.6140313500881766,0.5979692246270852,,
3,6,1014.0473022460938,526.373046875,104.44786071777344,29.3461971282959,1204.76318359375,593.9453125,94.56458282470703,45.30977249145508,,,66.06103515625,34.61750793457031,0.5774297600574516,0.5394702628795789,,
3,7,1103.904296875,547.7462768554688,130.64292907714844,41.15065383911133,1208.9697265625,587.2189331054688,91.22380065917969,43.877315521240234,,,75.85857391357422,39.005210876464844,0.5500532727887402,0.5638385795269418,,
3,8,1358.568115234375,674.3814086914062,152.60496520996094,42.727142333984375,762.4118041992188,390.9473571777344,88.2093734741211,41.91242218017578,,,100.3606185913086,51.154048919677734,0.611548162767714,0.5904054911750926,,
3,9,1244.232421875,641.1889038085938,116.47482299804688,34.707855224609375,1035.6661376953125,509.8421936035156,86.32129669189453,39.37624740600586,,,84.63599395751953,43.8997917175293,0.5928003321151694,0.5826944981300931,,
3,10,1041.1370849609375,530.9749755859375,111.77873992919922,33.47847366333008,1336.60546875,635.9156494140625,77.63867950439453,36.05803680419922,,,76.34025573730469,39.88724136352539,0.5387056571264546,0.5521118119174269,,
3,11,1354.9287109375,681.3501586914062,131.30426025390625,42.167694091796875,1047.155517578125,513.4879760742188,81.57283782958984,37.845008850097656,,,85.10540771484375,44.21245574951172,0.6090647096601723,0.5858947506171395,,
3,12,1299.516357421875,654.3755493164062,134.1978759765625,42.768924713134766,997.0521850585938,466.1001281738281,88.46638488769531,42.5699577331543,,,94.90613555908203,48.769046783447266,0.5720772635624433,0.6126937656989007,,
3,13,1490.341064453125,754.3212280273438,157.42266845703125,41.07042694091797,1002.4354248046875,504.7610778808594,91.77948760986328,42.612857818603516,,,110.92413330078125,57.791534423828125,0.5739403150061603,0.6086240597477514,,
3,14,1202.1365966796875,607.3524169921875,111.59162902832031,37.15483474731445,1255.5823974609375,613.436279296875,71.17591094970703,32.68471145629883,,,93.17542266845703,47.984779357910156,0.6007928151215532,0.5498021262362577,,
3,15,1102.14794921875,570.6455688476562,116.06660461425781,35.83626174926758,1232.10595703125,580.8479614257812,115.30574798583984,54.112220764160156,,,98.46388244628906,50.966529846191406,0.6350382434176708,0.5962119869148886,,
3,16,1218.93408203125,619.5166625976562,134.17214965820312,47.88622283935547,994.8601684570312,458.8273010253906,102.37206268310547,49.90104675292969,,,87.62950134277344,45.26247787475586,0.6163853383589498,0.5703052983323592,,
3,17,1527.57470703125,775.685546875,144.86656188964844,37.246604919433594,1200.623779296875,598.9850463867188,95.60997772216797,44.9141731262207,,,84.63795471191406,44.857540130615234,0.6172744709094152,0.6344012251169476,,
3,18,1312.90771484375,669.8829345703125,137.84988403320312,42.430747985839844,902.3839111328125,422.8398742675781,42.3726692199707,19.86284828186035,,,102.04589080810547,53.39157485961914,0.6419450605571352,0.6064348043201765,,
3,19,1238.508056640625,623.0304565429688,118.7048568725586,36.930416107177734,1088.705810546875,507.36865234375,98.37474822998047,45.66598892211914,,,110.7675552368164,56.9022216796875,0.5813833571692479,0.6225751754094808,,
3,20,1176.6689453125,600.8582153320312,130.8752899169922,35.234161376953125,1182.612548828125,562.3834838867188,97.29244232177734,42.99235534667969,,,81.1239242553711,42.691715240478516,0.6023347081848663,0.5777398390848417,,
3,21,1272.2325439453125,661.9668579101562,131.74154663085938,37.39216995239258,793.0425415039062,405.49505615234375,78.69721984863281,35.57537841796875,,,84.74339294433594,43.58572006225586,0.6225181552026566,0.605379848249774,,
3,22,1236.14208984375,621.5430908203125,125.36604309082031,35.094139099121094,1277.1728515625,632.3955688476562,77.0622329711914,33.08323287963867,,,78.92355346679688,41.21458435058594,0.6276498179391967,0.5876571448003187,,
3,23,1365.36669921875,673.677001953125,138.77610778808594,44.50559616088867,855.153076171875,429.8713073730469,74.4579849243164,34.46805191040039,,,106.42855072021484,54.62324523925781,0.6168820502477677,0.600596347937852,,
3,24,1188.697265625,610.2261962890625,128.3218536376953,29.56298828125,1266.2861328125,643.9365844726562,97.59403991699219,44.788536071777344,,,93.24235534667969,48.75758743286133,0.6095940146975205,0.5850964298650735,,
3,25,1174.309326171875,593.4378662109375,111.79932403564453,32.801239013671875,1002.892578125,489.9831848144531,119.73014831542969,55.144752502441406,,,79.96737670898438,41.15645980834961,0.5823489973145571,0.5998762109506826,,
3,26,1322.93017578125,672.8457641601562,130.52627563476562,34.21918869018555,836.1717529296875,417.5018310546875,90.74698638916016,44.743125915527344,,,99.09388732910156,50.79571533203125,0.6461514215321366,0.6584807509521555,,
3,27,1461.84619140625,735.978759765625,152.0708770751953,43.58428955078125,1009.1866455078125,488.56201171875,45.505577087402344,22.09275245666504,,,96.80767822265625,49.89699172973633,0.660408301846009,0.6897450863703851,,
3,28,1425.8702392578125,730.9161987304688,145.1326904296875,45.42222213745117,1206.8638916015625,593.8832397460938,60.91654968261719,27.013118743896484,,,94.15960693359375,48.44228744506836,0.5915254350016118,0.6208022617607081,,
3,29,1227.4661865234375,623.4234619140625,132.11514282226562,35.85511779785156,1236.8048095703125,604.3313598632812,80.61504364013672,35.769142150878906,,,83.52562713623047,43.30547332763672,0.5870291490579685,0.6050985323952085,,
3,30,1241.156494140625,630.78759765625,129.25445556640625,32.0909538269043,1156.18505859375,535.1873168945312,86.16146850585938,39.133155822753906,,,95.79934692382812,49.5440788269043,0.6433443299215444,0.6376082757637518,,
3,31,1278.1412353515625,638.882568359375,131.52328491210938,38.659950256347656,1025.6082763671875,471.6848449707031,108.57453155517578,52.702362060546875,,,82.89306640625,41.76721954345703,0.648818735721147,0.6462014269776374,,
3,32,1366.27783203125,693.1920166015625,133.65304565429688,40.557701110839844,934.7618408203125,458.6850280761719,67.17626953125,31.860393524169922,,,102.1968765258789,52.44188690185547,0.6416350937689959,0.6144774658166036,,
3,33,1337.221435546875,668.7313232421875,154.06585693359375,43.206329345703125,1253.997802734375,599.1083984375,77.16011810302734,36.61941146850586,,,86.8270492553711,45.321998596191406,0.6291876109252393,0.6163193722787761,,
3,34,1286.4044189453125,654.9454345703125,127.8634033203125,37.82593536376953,1014.7525634765625,493.5381774902344,96.25186920166016,44.64265823364258,,,91.97261047363281,47.9039421081543,0.6508993967264267,0.5995212058310118,,
3,35,1072.06884765625,546.2598876953125,133.48712158203125,42.61936569213867,1015.0977172851562,476.05609130859375,127.0710678100586,58.58320236206055,,,80.5864028930664,40.86793518066406,0.6507265388568297,0.594655893262988,,
3,36,1081.578125,567.8331298828125,110.22412109375,27.254865646362305,1208.3919677734375,587.5468139648438,113.77706909179688,52.10296630859375,,,79.37169647216797,42.31201171875,0.5837016557392065,0.5808578019194296,,
3,37,1228.5860595703125,620.1787719726562,138.21018981933594,43.920799255371094,1139.77294921875,527.0790405273438,79.8238754272461,34.416595458984375,,,100.67668151855469,52.487735748291016,0.6488349525766057,0.6448553356625226,,
3,38,1290.947509765625,656.3544921875,130.89816284179688,35.362098693847656,1060.135986328125,498.520263671875,79.35438537597656,36.72056198120117,,,90.32803344726562,46.78145980834961,0.6691083566057633,0.6375845148412728,,
3,39,1205.2171630859375,632.6408081054688,105.02676391601562,30.83612060546875,1214.6767578125,602.3859252929688,94.64069366455078,43.90825653076172,,,84.32412719726562,44.297367095947266,0.612676792350159,0.6359912002350094,,
3,40,1304.939453125,687.798583984375,127.68892669677734,36.79045867919922,1168.9622802734375,514.0457763671875,106.28770446777344,48.600738525390625,,,102.19081115722656,54.528873443603516,0.5592343925758436,0.6288794281347931,,
3,41,1043.379638671875,531.6304321289062,122.40924835205078,36.20783996582031,1102.0025634765625,546.591552734375,123.5870361328125,54.55036926269531,,,66.96537780761719,34.88524627685547,0.6022430202752103,0.5687811514083909,,
3,42,1302.126953125,668.785400390625,131.9908905029297,38.14984893798828,865.6617431640625,425.8044738769531,89.10563659667969,42.48411560058594,,,96.65785217285156,50.133060455322266,0.6338074552311496,0.620866601842604,,
3,43,1268.3629150390625,643.4451904296875,146.56814575195312,40.37870407104492,779.3443603515625,378.457275390625,98.98208618164062,42.317970275878906,,,87.25562286376953,45.57951354980469,0.639901648370199,0.6209734907739725,,
3,44,1113.5296630859375,564.0336303710938,130.7452392578125,38.03780746459961,977.8016357421875,462.0745544433594,88.8162612915039,41.183799743652344,,,86.95088195800781,44.02116775512695,0.6626639775797409,0.6146987160438412,,
3,45,1524.379150390625,788.7421264648438,137.20103454589844,42.84226608276367,916.1831665039062,420.3072509765625,114.536376953125,51.87891387939453,,,98.29586029052734,50.11763381958008,0.6580436825422323,0.7001073346643001,,
3,46,1386.1199951171875,701.5896606445312,127.42709350585938,38.76359939575195,1478.3062744140625,715.6954956054688,81.08489227294922,38.16407775878906,,,97.18254852294922,50.58268737792969,0.6167347578768105,0.6318880868582343,,
3,47,1289.1201171875,639.4168701171875,146.9845733642578,41.5726203918457,682.6787719726562,313.9541015625,97.40604400634766,43.42322540283203,,,79.04096984863281,40.19969940185547,0.7249902542106464,0.6264280024615024,,
3,48,1181.6002197265625,603.25634765625,126.56996154785156,32.917701721191406,1139.9061279296875,565.9837036132812,56.90998458862305,25.347637176513672,,,98.33349609375,51.20785140991211,0.6089775221307886,0.6542326237283939,,
3,49,1205.0107421875,618.9200439453125,121.80644226074219,35.17732620239258,1237.31787109375,606.0147094726562,100.98785400390625,45.37696075439453,,,84.46830749511719,43.815887451171875,0.6303019540170772,0.5998611097015247,,
3,50,1394.5574951171875,710.2093505859375,118.30960845947266,40.29674530029297,1033.9725341796875,506.880615234375,95.06275939941406,45.12725067138672,,,94.98518371582031,49.849002838134766,0.6892085771629737,0.640662667623401,,
3,51,1268.891845703125,648.7608642578125,141.53219604492188,39.42618179321289,978.154296875,458.8584289550781,105.11515808105469,46.26951599121094,,,88.50653076171875,46.41769027709961,0.6457860554267996,0.6455727397683795,,
3,52,1091.5810546875,559.3615112304688,112.46952819824219,29.3885498046875,1526.6842041015625,743.0684814453125,89.05632019042969,41.497344970703125,,,90.79290771484375,47.68568801879883,0.6361510138352063,0.6344935536927762,,
3,53,1341.646484375,677.6124267578125,134.01991271972656,33.82494354248047,1265.1885986328125,585.6712036132812,136.42709350585938,58.6435546875,,,89.34407043457031,46.38975143432617,0.6045608540413369,0.6329230767853392,,
3,54,1279.57568359375,649.4534912109375,128.07400512695312,37.530189514160156,784.5213623046875,388.6333312988281,103.22178649902344,47.411651611328125,,,105.6148910522461,54.5871467590332,0.6506522513991244,0.638060367311565,,
3,55,1418.5399169921875,724.6682739257812,144.4024200439453,44.29133987426758,757.9461059570312,376.40118408203125,83.85493469238281,35.75163650512695,,,112.79889678955078,57.86194610595703,0.6778934007636391,0.6881835443747858,,
3,56,1197.825439453125,600.1826171875,128.09942626953125,41.65195846557617,1062.826171875,502.2652282714844,60.067047119140625,27.698474884033203,,,87.67121124267578,44.437652587890625,0.6418407708247869,0.6691012406280674,,
3,57,1349.5819091796875,678.0068969726562,128.40892028808594,33.71970748901367,1182.715576171875,556.0665893554688,101.39801788330078,44.561561584472656,,,98.32078552246094,50.81373977661133,0.6811640002980696,0.6035622950876477,,
3,58,1254.3460693359375,644.6157836914062,138.8286590576172,41.9349365234375,1182.6268310546875,575.6004638671875,98.695556640625,46.2741813659668,,,94.28693389892578,49.25495529174805,0.6887989312629823,0.6992933245235798,,
3,59,1167.92578125,583.334716796875,132.73422241210938,45.4436149597168,1027.021484375,494.1926574707031,81.45526123046875,37.03687286376953,,,79.39353942871094,41.37169647216797,0.6427206978232153,0.6238394603592456,,
3,60,1452.1551513671875,762.1690673828125,152.37049865722656,43.36239242553711,796.4190063476562,377.4623718261719,114.1942138671875,51.098548889160156,,,114.49870300292969,59.140499114990234,0.671606081484712,0.6712814608414825,,
3,61,1251.478515625,627.250732421875,130.92807006835938,38.45436477661133,1176.5469970703125,561.3573608398438,72.7508544921875,31.528087615966797,,,88.20175170898438,45.25374221801758,0.6728339948328979,0.6440172949346505,,
3,62,1414.4097900390625,725.5299072265625,134.87619018554688,36.06671905517578,1132.9990234375,542.3093872070312,71.2612075805664,33.300819396972656,,,114.67504119873047,58.6808967590332,0.6667006329264256,0.6906875301182999,,
4,0,1334.20751953125,674.4007568359375,127.61327362060547,34.11089324951172,1236.21435546875,593.8536987304688,104.97315216064453,46.732295989990234,,,86.2103271484375,43.30860900878906,0.6799998248415492,0.6718524992628362,,
4,1,1227.1708984375,621.1574096679688,126.19824981689453,28.45197296142578,1184.18994140625,556.5894775390625,88.78547668457031,39.18450927734375,,,103.96953582763672,54.41097640991211,0.6968626863614885,0.6904429595886394,,
4,2,1401.4136962890625,722.0659790039062,152.03236389160156,45.577903747558594,936.1173706054688,440.0716857910156,73.76582336425781,31.43291473388672,,,116.56238555908203,58.949493408203125,0.6397742909518991,0.6836447484806076,,
4,3,1111.847412109375,553.1527099609375,129.9899139404297,36.20195007324219,1018.3200073242188,466.9051513671875,102.92950439453125,43.743953704833984,,,76.71366119384766,39.10913848876953,0.7087809770632414,0.6722051262569138,,
4,4,1366.1767578125,667.1778564453125,140.26593017578125,39.97123336791992,1042.388671875,485.3584289550781,97.108154296875,43.569889068603516,,,99.764892578125,50.52644729614258,0.6956255138547548,0.7071618022277264,,
4,5,1535.3907470703125,757.8714599609375,145.58926391601562,42.282772064208984,863.7849731445312,418.11700439453125,99.6664810180664,44.749664306640625,,,84.5761489868164,43.04761505126953,0.6897478962312141,0.714488105458416,,
4,6,1301.2646484375,671.9133911132812,130.82781982421875,35.260704040527344,926.5003051757812,444.0999450683594,99.82379150390625,45.55118179321289,,,102.70025634765625,52.89189529418945,0.6890176442610626,0.6756286574030642,,
4,7,1133.1925048828125,572.3074951171875,121.71759033203125,32.94409942626953,983.8777465820312,451.9720153808594,90.71226501464844,40.83873748779297,,,89.33763885498047,45.59649658203125,0.6888030816334052,0.6744543972317035,,
4,8,1075.642822265625,531.9719848632812,117.34690856933594,30.944664001464844,1046.583984375,488.1412048339844,81.20655059814453,34.62460708618164,,,72.73285675048828,36.862525939941406,0.6832077307217818,0.6113892786830563,,
4,9,1348.1822509765625,683.1122436523438,121.43209075927734,33.736915588378906,950.9310913085938,445.3274841308594,111.66240692138672,50.698455810546875,,,97.89166259765625,51.170719146728516,0.6919019775408279,0.658154992030629,,
4,10,1051.80615234375,535.3911743164062,126.37416076660156,38.654815673828125,869.1458740234375,421.319091796875,99.82423400878906,43.990787506103516,,,88.25291442871094,44.875404357910156,0.6941335078785285,0.6229836256989963,,
4,11,1317.730712890625,683.5733032226562,129.9583282470703,36.09659194946289,1292.1207275390625,623.7506103515625,85.3713150024414,39.900020599365234,,,87.63201904296875,45.904083251953125,0.6430456626965535,0.7141931481262257,,
4,12,1156.1778564453125,586.7069091796875,141.06930541992188,36.010555267333984,847.2569580078125,424.4645080566406,102.06105041503906,44.31428527832031,,,76.59243774414062,39.27803421020508,0.6780902154326897,0.6168764269394202,,
4,13,1459.0455322265625,734.0536499023438,143.77308654785156,40.287296295166016,1037.5399169921875,478.5619201660156,87.34504699707031,37.70323944091797,,,107.56499481201172,54.80037307739258,0.6886003950199319,0.7034211882468897,,
4,14,1008.7020263671875,501.2554626464844,122.6978988647461,37.726558685302734,1089.2242431640625,492.6706237792969,81.97293090820312,36.03337478637695,,,63.52680587768555,31.46982765197754,0.7236379278614138,0.6392361139065238,,
4,15,1194.578125,608.1964721679688,118.99854278564453,29.199432373046875,1011.1248779296875,487.213134765625,90.53108215332031,39.729454040527344,,,88.66565704345703,46.589935302734375,0.6222370821272843,0.6824515958788192,,
4,16,1259.7684326171875,630.1901245117188,132.62757873535156,40.13916778564453,983.21923828125,468.1346435546875,108.63935852050781,50.18983840942383,,,93.9283676147461,48.77696228027344,0.7003586797870455,0.6777838287233255,,
4,17,1298.25341796875,647.60498046875,117.5109634399414,35.75812911987305,1077.4083251953125,508.5628967285156,86.31653594970703,36.86802291870117,,,84.79219818115234,44.181976318359375,0.7245460218893426,0.6795908135723433,,
4,18,1522.978515625,775.63134765625,140.8904571533203,37.23779296875,1098.9925537109375,539.9014282226562,58.00264358520508,25.801612854003906,,,119.33351135253906,61.71749496459961,0.6316304043286352,0.6911914030704953,,
4,19,1238.6715087890625,633.8939208984375,139.80718994140625,44.66407775878906,1219.983154296875,586.0601196289062,69.58946990966797,31.120800018310547,,,91.46414184570312,47.599239349365234,0.6702468097154063,0.6931541126510159,,
4,20,1187.6318359375,597.0850219726562,135.56298828125,35.85879898071289,1178.0411376953125,538.9329833984375,98.64208221435547,39.78175354003906,,,97.26608276367188,49.060211181640625,0.6961573188929131,0.636785331397405,,
4,21,1448.829345703125,728.8110961914062,135.808349609375,38.181617736816406,942.0247802734375,459.34259033203125,135.1383819580078,58.28258514404297,,,103.97531127929688,54.14277267456055,0.7089877734942313,0.7434062939329529,,
4,22,1328.3287353515625,678.2080078125,128.90133666992188,33.259788513183594,1350.2418212890625,656.6727294921875,81.43763732910156,36.91439437866211,,,95.65223693847656,50.03257751464844,0.655994297129751,0.7088592247243106,,
4,23,1236.643310546875,614.80859375,146.520751953125,38.462615966796875,988.0333862304688,440.4356384277344,80.83550262451172,34.898826599121094,,,88.2567367553711,44.201316833496094,0.7173304091043327,0.7128600327686193,,
4,24,1384.919189453125,691.5963745117188,150.4429473876953,46.88309860229492,860.8981323242188,411.56610107421875,105.7432861328125,45.628143310546875,,,89.74559020996094,45.43087387084961,0.7422290509115992,0.7534688352731266,,
4,25,1162.8883056640625,603.4833374023438,123.80045318603516,27.077939987182617,1325.7022705078125,607.9249877929688,72.23258972167969,30.650833129882812,,,89.35647583007812,46.476993560791016,0.670031943189832,0.703873048167248,,
4,26,1170.6630859375,580.1074829101562,142.38392639160156,44.7150993347168,1025.517333984375,484.3939208984375,66.8795166015625,28.52647590637207,,,88.41325378417969,45.7852668762207,0.7680177296834356,0.7589296764205723,,
4,27,1359.3427734375,682.2080078125,138.21360778808594,38.7771110534668,1055.1461181640625,501.3289794921875,103.297607421875,45.62397766113281,,,97.52056884765625,50.7581672668457,0.7180875748475403,0.6451866455875478,,
4,28,1330.0177001953125,677.57421875,123.70832061767578,32.4583625793457,1111.1744384765625,523.2767333984375,104.64408874511719,45.942596435546875,,,105.11006927490234,53.972251892089844,0.6707467831617591,0.714982840274657,,
4,29,1094.2384033203125,559.1810302734375,119.66895294189453,35.44292449951172,1112.6708984375,524.7949829101562,75.62580871582031,33.227787017822266,,,82.81370544433594,42.28368377685547,0.6529898418660025,0.6578521282039382,,
4,30,1376.0888671875,664.6997680664062,161.1703338623047,41.965782165527344,869.482421875,405.55218505859375,94.47242736816406,40.768733978271484,,,98.68414306640625,49.33539962768555,0.711553107436054,0.7163657582027558,,
4,31,1269.9522705078125,647.1484985351562,126.5322036743164,34.84737014770508,1417.5819091796875,666.5158081054688,101.32623291015625,44.55902862548828,,,86.78916931152344,44.38665771484375,0.677100086006556,0.7019335929889665,,
4,32,1380.01708984375,700.23974609375,135.23025512695312,37.37310791015625,1001.28466796875,481.2278137207031,57.038719177246094,25.9630184173584,,,106.87818908691406,55.18864059448242,0.7004529283259149,0.7284474109036474,,
4,33,1464.33154296875,747.1226806640625,158.7018585205078,48.370967864990234,1057.032470703125,502.2435607910156,78.44645690917969,35.18128967285156,,,110.89421844482422,56.682430267333984,0.7480564463076127,0.7364910354213592,,
4,34,1230.380126953125,643.465087890625,128.4718475341797,35.12196731567383,1159.3717041015625,545.4407958984375,79.24030303955078,36.519168853759766,,,92.58930969238281,48.86167907714844,0.6663489109183003,0.6902105968661265,,
4,35,1272.582763671875,634.24267578125,128.58441162109375,34.93350601196289,1028.617919921875,467.4081726074219,91.89213562011719,42.37749099731445,,,86.14740753173828,44.324623107910156,0.7468698164806504,0.6720146006870181,,
4,36,1415.1563720703125,684.1513061523438,140.7471466064453,38.96078872680664,1229.490234375,606.0264892578125,107.56675720214844,49.198211669921875,,,93.61397552490234,48.99978256225586,0.7136660721669428,0.6627898550740733,,
4,37,1075.4344482421875,562.1091918945312,113.70064544677734,33.112754821777344,911.638427734375,432.1474609375,106.979736328125,43.66183853149414,,,92.89745330810547,48.068016052246094,0.6812353031521851,0.676909405513965,,
4,38,1223.7919921875,634.0669555664062,122.60432434082031,33.82806396484375,1186.2030029296875,567.0474243164062,79.52324676513672,34.8161506652832,,,89.15567016601562,46.740440368652344,0.7063369206037726,0.6940130782872526,,
4,39,1084.778076171875,561.5203247070312,102.80005645751953,28.87786293029785,1339.056396484375,635.8816528320312,85.51507568359375,38.19801330566406,,,70.06349182128906,36.66807174682617,0.6376690197761374,0.6687923624433856,,
4,40,1272.7159423828125,616.6417236328125,145.5002899169922,40.0590934753418,938.5999755859375,437.8567810058594,122.48860168457031,53.7147102355957,,,84.5361557006836,42.55489730834961,0.7589281626445423,0.6847072919016378,,
4,41,1247.61474609375,637.4237670898438,130.55343627929688,35.253990173339844,1229.7374267578125,590.0800170898438,87.13465881347656,38.02738952636719,,,90.25276184082031,46.23323440551758,0.7061036935471644,0.6936762756397304,,
4,42,1148.415283203125,597.7409057617188,110.93224334716797,26.573137283325195,796.767333984375,369.364013671875,112.9990463256836,50.60142517089844,,,101.29102325439453,53.16179656982422,0.6442195399435952,0.7133099333677987,,
4,43,1590.690673828125,817.0416870117188,148.92178344726562,41.60553741455078,783.23046875,393.9543762207031,75.46610260009766,30.63941764831543,,,119.00670623779297,61.680572509765625,0.7286555018267195,0.7919239070537004,,
4,44,1024.5787353515625,521.9930419921875,111.18690490722656,36.643672943115234,920.386962890625,435.1040954589844,104.26657104492188,43.36673355102539,,,81.3339614868164,41.42582702636719,0.7162072339440355,0.6772258715092199,,
4,45,1402.8162841796875,722.9609375,148.06744384765625,45.5442008972168,821.7662963867188,378.3843688964844,84.5145263671875,35.95145797729492,,,104.72937774658203,54.515830993652344,0.7680531188671539,0.7503783258491196,,
4,46,1206.62744140625,617.773681640625,114.93901824951172,29.066173553466797,1025.5706787109375,472.23089599609375,72.18518829345703,31.137481689453125,,,76.54301452636719,39.586795806884766,0.7800481332938451,0.738569304635546,,
4,47,1134.5648193359375,566.7577514648438,130.22430419921875,37.52876281738281,1140.4718017578125,543.4098510742188,63.360923767089844,30.037691116333008,,,82.39445495605469,42.06343078613281,0.7380142877673003,0.6789140299625405,,
4,48,1027.090087890625,518.4281005859375,103.17927551269531,34.16397476196289,940.5729370117188,439.74981689453125,87.75639343261719,36.301998138427734,,,71.12330627441406,36.014923095703125,0.7472043544448715,0.6904795113763738,,
4,49,1195.595458984375,605.2784423828125,130.3379669189453,37.98717498779297,853.3453979492188,390.2387390136719,94.33538818359375,40.62856674194336,,,79.67446899414062,41.97465515136719,0.7188693404503174,0.762770902270084,,
4,50,1115.3819580078125,571.5577392578125,126.30690002441406,33.858863830566406,1139.7525634765625,523.7048950195312,76.96074676513672,33.45552444458008,,,84.33287048339844,43.71495819091797,0.6876426383838218,0.7034302514996773,,
4,51,1207.1025390625,594.7154541015625,137.65951538085938,38.73714828491211,1134.4669189453125,513.538330078125,62.383644104003906,24.947721481323242,,,90.49754333496094,45.86751937866211,0.7438162682576989,0.7063874840239487,,
4,52,1485.104248046875,765.9024047851562,161.8439483642578,40.2277717590332,867.1289672851562,429.6065368652344,66.45568084716797,28.40761947631836,,,111.19734954833984,58.19057083129883,0.7220439151142319,0.7441439205501059,,
4,53,1314.50927734375,675.6334838867188,146.68032836914062,44.45366287231445,1151.1385498046875,536.6942749023438,87.03274536132812,36.018253326416016,,,102.82858276367188,54.05228042602539,0.6924756533276626,0.7664735612577172,,
4,54,1428.652099609375,746.862548828125,135.5391082763672,40.4332160949707,1176.8140869140625,557.1885986328125,90.06705474853516,38.63395309448242,,,97.96709442138672,51.623016357421875,0.7456764345765896,0.7201399192629293,,
4,55,1431.34228515625,711.78271484375,151.97097778320312,41.49593734741211,1140.42822265625,501.8265686035156,88.48724365234375,37.17829513549805,,,82.43059539794922,41.4750862121582,0.7593343797334045,0.751838423095778,,
4,56,1070.9969482421875,553.7574462890625,136.30606079101562,41.662391662597656,1051.056884765625,450.09356689453125,101.21664428710938,42.7415657043457,,,85.51642608642578,44.18504333496094,0.7898908442266724,0.6965351265209389,,
