EPOCH,BATCH,PheCodePheCode,N,PheCodeRXNORM,N,LOINCPheCode,N,RXNORMRXNORM,N,LOINCRXNORM,N,CCSPheCode,N
0,0,0.7210130318556471,1340.0,0.7583323159029205,1067.0,0.8193288241415193,124.0,0.6182,100.0,0.786550287641341,71.0,0.7253086419753086,36.0
1,0,0.8496847850300735,1340.0,0.695398023169306,1067.0,0.7582596253902185,124.0,0.7732,100.0,0.9256099980162666,71.0,0.6589506172839507,36.0
1,1,0.8541813321452439,1340.0,0.6560647489786902,1067.0,0.7472034339229968,124.0,0.5908000000000001,100.0,0.8401110890696292,71.0,0.7160493827160493,36.0
1,2,0.8440312430385386,1340.0,0.6171855854558104,1067.0,0.73920395421436,124.0,0.5145,100.0,0.8891093037095814,71.0,0.7854938271604938,36.0
1,3,0.8467668188906214,1340.0,0.6412718963468246,1067.0,0.6899713839750261,124.0,0.5988,100.0,0.8972426105931363,71.0,0.7538580246913581,36.0
1,4,0.843108988638895,1340.0,0.6404703954100566,1067.0,0.7480489073881375,124.0,0.6345,100.0,0.8783971434239238,71.0,0.8595679012345678,36.0
1,5,0.849374582312319,1340.0,0.6273797990143076,1067.0,0.7386836628511966,124.0,0.6714,100.0,0.8516167427097798,71.0,0.8487654320987654,36.0
1,6,0.8452528402762309,1340.0,0.6130810223023675,1067.0,0.7158558792924037,124.0,0.5871,100.0,0.8666931164451497,71.0,0.75,36.0
1,7,0.8421936957006015,1340.0,0.6280315400500137,1067.0,0.7339360041623307,124.0,0.6616000000000001,100.0,0.8766117833763143,71.0,0.6929012345679012,36.0
1,8,0.8495575295165961,1340.0,0.6289867534952029,1067.0,0.7784859521331945,124.0,0.5656,100.0,0.8897044237254513,71.0,0.8055555555555555,36.0
1,9,0.8500618177767878,1340.0,0.6136519544765036,1067.0,0.7247658688865765,124.0,0.5587,100.0,0.8851418369371158,71.0,0.7268518518518519,36.0
1,10,0.8486026954778347,1340.0,0.6383698041878314,1067.0,0.7282778355879292,124.0,0.668,100.0,0.8762150366990676,71.0,0.8364197530864197,36.0
1,11,0.8549117286700825,1340.0,0.6196559650554374,1067.0,0.7375780437044744,124.0,0.5626,100.0,0.8873239436619718,71.0,0.7800925925925926,36.0
1,12,0.8425278458454,1340.0,0.6325818694778781,1067.0,0.7364073881373568,124.0,0.6094999999999999,100.0,0.8720491965879786,71.0,0.7307098765432098,36.0
1,13,0.8345923368233459,1340.0,0.6195413394420148,1067.0,0.7428459937565036,124.0,0.5895,100.0,0.8589565562388416,71.0,0.8179012345679012,36.0
1,14,0.8484617955001115,1340.0,0.624081567762183,1067.0,0.731464620187305,124.0,0.6299000000000001,100.0,0.8605435429478279,71.0,0.7507716049382717,36.0
1,15,0.8495892737803521,1340.0,0.6210292765235326,1067.0,0.7141649323621229,124.0,0.6355000000000001,100.0,0.8702638365403691,71.0,0.7862654320987654,36.0
1,16,0.8561060369792826,1340.0,0.6129303840441146,1067.0,0.7563085327783559,124.0,0.7054,100.0,0.8742313033128347,71.0,0.7191358024691357,36.0
1,17,0.8471182334595678,1340.0,0.6355621354268683,1067.0,0.7207336108220604,124.0,0.6195999999999999,100.0,0.8647093830589169,71.0,0.7824074074074074,36.0
1,18,0.8486787146357764,1340.0,0.6337224162903639,1067.0,0.7471383975026014,124.0,0.609,100.0,0.8722475699266019,71.0,0.7183641975308641,36.0
1,19,0.848946313210069,1340.0,0.6306130318342997,1067.0,0.7306841831425598,124.0,0.6025999999999999,100.0,0.8216623685776632,71.0,0.7391975308641975,36.0
1,20,0.8451158387168635,1340.0,0.6408204207506617,1067.0,0.7315296566077003,124.0,0.5642,100.0,0.883951596905376,71.0,0.7453703703703703,36.0
1,21,0.8479226999331699,1340.0,0.6271992966115615,1067.0,0.7386836628511967,124.0,0.6124,100.0,0.8978377306090062,71.0,0.7199074074074074,36.0
1,22,0.8414518823791489,1340.0,0.6265365761109682,1067.0,0.7600806451612903,124.0,0.5331,100.0,0.8530053560801428,71.0,0.7615740740740742,36.0
1,23,0.8458292492760081,1340.0,0.6306797869808141,1067.0,0.7618366285119667,124.0,0.5183000000000001,100.0,0.8504265026780402,71.0,0.7584876543209876,36.0
1,24,0.8407618623301404,1340.0,0.6040611723082085,1067.0,0.7205385015608741,124.0,0.5704,100.0,0.8780003967466772,71.0,0.7415123456790123,36.0
1,25,0.8378798173312542,1340.0,0.6362929286097626,1067.0,0.7417403746097816,124.0,0.5377,100.0,0.8783971434239238,71.0,0.7214506172839507,36.0
1,26,0.8467509467587437,1340.0,0.6125311707008148,1067.0,0.7406347554630593,124.0,0.5916,100.0,0.8918865304503074,71.0,0.7692901234567902,36.0
1,27,0.8559314435286255,1340.0,0.6342344985327044,1067.0,0.7392039542143601,124.0,0.6188,100.0,0.8444753025193413,71.0,0.8263888888888888,36.0
1,28,0.8463090331922478,1340.0,0.6355493992475992,1067.0,0.7236602497398542,124.0,0.5741,100.0,0.8468557825828209,71.0,0.7631172839506173,36.0
1,29,0.8415783025172643,1340.0,0.6156120085481722,1067.0,0.7362122788761707,124.0,0.6285000000000001,100.0,0.8885141836937115,71.0,0.7554012345679013,36.0
1,30,0.8550595901091557,1340.0,0.6332107732266188,1067.0,0.7280176899063475,124.0,0.6419,100.0,0.8549890894663758,71.0,0.724537037037037,36.0
1,31,0.8533609935397637,1340.0,0.6255110940905007,1067.0,0.7879812695109261,124.0,0.6621,100.0,0.8914897837730609,71.0,0.7337962962962963,36.0
1,32,0.8413488527511696,1340.0,0.640887175897176,1067.0,0.7191727367325702,124.0,0.5879000000000001,100.0,0.8780003967466773,71.0,0.691358024691358,36.0
1,33,0.8478386054800624,1340.0,0.6092351353416677,1067.0,0.7788111342351717,124.0,0.5299,100.0,0.8424915691331085,71.0,0.7152777777777778,36.0
1,34,0.836016094898641,1340.0,0.6265756630059667,1067.0,0.7682752341311133,124.0,0.5755,100.0,0.9027970640745883,71.0,0.7415123456790124,36.0
1,35,0.8552584094453108,1340.0,0.6267245445498375,1067.0,0.7400494276795005,124.0,0.6328,100.0,0.8492362626463004,71.0,0.7800925925925927,36.0
1,36,0.8439287703274672,1340.0,0.6189128748718696,1067.0,0.7335457856399583,124.0,0.6657000000000001,100.0,0.8893076770482047,71.0,0.603395061728395,36.0
1,37,0.8442631989307195,1340.0,0.5891558899558977,1067.0,0.7241155046826222,124.0,0.5727,100.0,0.8778020234080539,71.0,0.7214506172839505,36.0
1,38,0.8484044330585877,1340.0,0.6155105582926141,1067.0,0.7224245577523414,124.0,0.6546,100.0,0.886728823646102,71.0,0.8541666666666666,36.0
1,39,0.8432535085765204,1340.0,0.6101613629995546,1067.0,0.7047996878251822,124.0,0.6131,100.0,0.8724459432652253,71.0,0.8055555555555556,36.0
1,40,0.8436104923145467,1340.0,0.6152110384904905,1067.0,0.7004422476586889,124.0,0.5717,100.0,0.8962507439000198,71.0,0.7291666666666666,36.0
1,41,0.8467693250167074,1340.0,0.6269568700268514,1067.0,0.7477237252861603,124.0,0.6572000000000001,100.0,0.882562983535013,71.0,0.6790123456790124,36.0
1,42,0.8493213967476052,1340.0,0.6185580185667142,1067.0,0.7594302809573361,124.0,0.6246,100.0,0.9018051973814719,71.0,0.7253086419753086,36.0
1,43,0.8487569614613499,1340.0,0.6340386248791161,1067.0,0.6736472424557752,124.0,0.5824,100.0,0.8684784764927594,71.0,0.7762345679012346,36.0
1,44,0.8524314992203164,1340.0,0.6194609697590403,1067.0,0.7217741935483871,124.0,0.6481,100.0,0.8625272763340607,71.0,0.6558641975308641,36.0
1,45,0.8432913789262643,1340.0,0.6145575407404025,1067.0,0.738423517169615,124.0,0.6435000000000001,100.0,0.8647093830589169,71.0,0.7523148148148148,36.0
1,46,0.8377625863221208,1340.0,0.6292182006150256,1067.0,0.7043444328824142,124.0,0.6036,100.0,0.909343384249157,71.0,0.7924382716049383,36.0
1,47,0.8492523390510137,1340.0,0.6134938501821274,1067.0,0.733025494276795,124.0,0.6424,100.0,0.8841499702439992,71.0,0.6805555555555556,36.0
1,48,0.8485539652483849,1340.0,0.6262203675222158,1067.0,0.7425208116545264,124.0,0.5844,100.0,0.8817694901805198,71.0,0.712962962962963,36.0
1,49,0.8436093784807307,1340.0,0.6090484844385848,1067.0,0.7000520291363164,124.0,0.5781000000000001,100.0,0.8849434635984924,71.0,0.7314814814814815,36.0
1,50,0.845421586099354,1340.0,0.6239871443641529,1067.0,0.7464229968782518,124.0,0.6301,100.0,0.8670898631223962,71.0,0.7623456790123457,36.0
1,51,0.8504555580307418,1340.0,0.6307017459105885,1067.0,0.7309443288241415,124.0,0.6636000000000001,100.0,0.9152945844078556,71.0,0.8348765432098765,36.0
1,52,0.8327275005569169,1340.0,0.6213059590386907,1067.0,0.7412851196670135,124.0,0.6567,100.0,0.9057726641539378,71.0,0.7546296296296295,36.0
1,53,0.8470104700378703,1340.0,0.6320636387352008,1067.0,0.67514308012487,124.0,0.5436,100.0,0.8730410632810951,71.0,0.7615740740740741,36.0
1,54,0.8529588995321897,1340.0,0.6206269889300643,1067.0,0.8043054110301769,124.0,0.5848,100.0,0.8797857567942869,71.0,0.7330246913580247,36.0
1,55,0.8465588104254846,1340.0,0.6335647511745832,1067.0,0.7596904266389177,124.0,0.5641,100.0,0.8819678635191431,71.0,0.7145061728395062,36.0
1,56,0.848538650033415,1340.0,0.6166133357458877,1067.0,0.7391389177939646,124.0,0.5626,100.0,0.8774052767308074,71.0,0.7152777777777778,36.0
1,57,0.8427779015370906,1340.0,0.62891692409852,1067.0,0.7273022892819979,124.0,0.6491,100.0,0.8799841301329102,71.0,0.8179012345679013,36.0
1,58,0.8478475161505903,1340.0,0.6116897045118574,1067.0,0.7441467221644121,124.0,0.5984999999999999,100.0,0.9057726641539378,71.0,0.7121913580246914,36.0
1,59,0.8471714190242816,1340.0,0.6199603158221116,1067.0,0.7510405827263267,124.0,0.6314,100.0,0.8700654632017457,71.0,0.7723765432098766,36.0
1,60,0.8497337937179772,1340.0,0.6089342980037576,1067.0,0.7358220603537982,124.0,0.5873,100.0,0.9073596508629241,71.0,0.6697530864197531,36.0
1,61,0.8429644687012698,1340.0,0.6321396166322204,1067.0,0.7438865764828304,124.0,0.6657,100.0,0.8776036500694306,71.0,0.7808641975308641,36.0
1,62,0.8502990643795945,1340.0,0.6235343512322035,1067.0,0.7406347554630593,124.0,0.6192,100.0,0.8591549295774649,71.0,0.6388888888888888,36.0
2,0,0.8379622410336378,1340.0,0.6364251213670049,1067.0,0.7686004162330906,124.0,0.6116,100.0,0.8815711168418965,71.0,0.701388888888889,36.0
2,1,0.8465493428380484,1340.0,0.6318295565438049,1067.0,0.7423257023933402,124.0,0.5766,100.0,0.877802023408054,71.0,0.8233024691358024,36.0
2,2,0.8419920917799063,1340.0,0.6210490395603295,1067.0,0.7168964620187305,124.0,0.6118999999999999,100.0,0.898432850624876,71.0,0.6805555555555556,36.0
2,3,0.8525420472265539,1340.0,0.628307344207981,1067.0,0.6907518210197711,124.0,0.6045,100.0,0.9170799444554653,71.0,0.7083333333333333,36.0
2,4,0.851860102472711,1340.0,0.626240130559013,1067.0,0.7698361082206036,124.0,0.6235,100.0,0.9309660781590954,71.0,0.8070987654320988,36.0
2,5,0.856872911561595,1340.0,0.6322160337078356,1067.0,0.7431061394380853,124.0,0.6809000000000001,100.0,0.8910930370958143,71.0,0.6929012345679012,36.0
2,6,0.8402394742704388,1340.0,0.6285128797906698,1067.0,0.7201482830385015,124.0,0.6726000000000002,100.0,0.8791906367784169,71.0,0.7330246913580247,36.0
2,7,0.8451158387168635,1340.0,0.6256705159206633,1067.0,0.7557232049947971,124.0,0.6103000000000001,100.0,0.9035905574290816,71.0,0.7893518518518519,36.0
2,8,0.8468250167075073,1340.0,0.6220740824022015,1067.0,0.7186524453694068,124.0,0.6403000000000001,100.0,0.8780003967466773,71.0,0.7978395061728396,36.0
2,9,0.8569739919803965,1340.0,0.6366859934527256,1067.0,0.7718522372528616,124.0,0.6207,100.0,0.9129141043443761,71.0,0.7731481481481483,36.0
2,10,0.8288847738917353,1340.0,0.6514120909380767,1067.0,0.6793054110301768,124.0,0.5607,100.0,0.9024003173973417,71.0,0.7700617283950617,36.0
2,11,0.8399153486299844,1340.0,0.6363232319328515,1067.0,0.7492195629552549,124.0,0.6603,100.0,0.8950605038682801,71.0,0.7638888888888888,36.0
2,12,0.8439112274448652,1340.0,0.6367386948841842,1067.0,0.7455124869927159,124.0,0.6579,100.0,0.9152945844078556,71.0,0.746141975308642,36.0
2,13,0.8465760748496325,1340.0,0.6381893017850854,1067.0,0.7280176899063475,124.0,0.6749,100.0,0.8756199166831978,71.0,0.6820987654320988,36.0
2,14,0.8514151258632212,1340.0,0.6366205558419976,1067.0,0.7074661810613944,124.0,0.553,100.0,0.8843483435826226,71.0,0.7654320987654321,36.0
2,15,0.8463728001782134,1340.0,0.6472899606408142,1067.0,0.7760145681581686,124.0,0.6207000000000001,100.0,0.8940686371751636,71.0,0.6550925925925927,36.0
2,16,0.8594386277567387,1340.0,0.6292050252571609,1067.0,0.7730879292403747,124.0,0.6480000000000001,100.0,0.9220392779210475,71.0,0.7700617283950618,36.0
2,17,0.853312541768768,1340.0,0.6417681681597276,1067.0,0.7414802289281999,124.0,0.6370000000000001,100.0,0.8694703431858759,71.0,0.683641975308642,36.0
2,18,0.8488973045221653,1340.0,0.6246582092580605,1067.0,0.7301638917793964,124.0,0.675,100.0,0.9097401309264036,71.0,0.7600308641975309,36.0
2,19,0.8469564490977946,1340.0,0.6443549300871594,1067.0,0.730554110301769,124.0,0.6686,100.0,0.8815711168418965,71.0,0.7098765432098766,36.0
2,20,0.8460108041880152,1340.0,0.6339253168014798,1067.0,0.7795915712799167,124.0,0.6381,100.0,0.9071612775243006,71.0,0.7461419753086419,36.0
2,21,0.8638533080864335,1340.0,0.6376987392939237,1067.0,0.7324401664932362,124.0,0.6486000000000001,100.0,0.9061694108311842,71.0,0.7654320987654322,36.0
2,22,0.8435609267097348,1340.0,0.6400641552092291,1067.0,0.7539672216441207,124.0,0.6737000000000001,100.0,0.8920849037889307,71.0,0.7638888888888888,36.0
2,23,0.8463516373357096,1340.0,0.6381690995696928,1067.0,0.8023543184183143,124.0,0.6113999999999999,100.0,0.8639158897044238,71.0,0.8186728395061729,36.0
2,24,0.8464652483849409,1340.0,0.6617292745033108,1067.0,0.7531217481789803,124.0,0.6423,100.0,0.8982344772862528,71.0,0.6836419753086419,36.0
2,25,0.8424415237246602,1340.0,0.6495100084410126,1067.0,0.7903225806451613,124.0,0.6256,100.0,0.922436024598294,71.0,0.6898148148148149,36.0
2,26,0.8595037870349745,1340.0,0.6451182224861198,1067.0,0.7524063475546305,124.0,0.6266,100.0,0.9083515175560405,71.0,0.6558641975308642,36.0
2,27,0.8373440632657607,1340.0,0.669490877821393,1067.0,0.7536420395421437,124.0,0.6507,100.0,0.8936718904979171,71.0,0.7476851851851852,36.0
2,28,0.8450434395188238,1340.0,0.650709405185294,1067.0,0.7680150884495317,124.0,0.6466000000000001,100.0,0.8982344772862527,71.0,0.7885802469135803,36.0
2,29,0.8561853976386723,1340.0,0.654571980932622,1067.0,0.7747788761706556,124.0,0.6792,100.0,0.9083515175560404,71.0,0.7584876543209876,36.0
2,30,0.8472187569614613,1340.0,0.6660345422748923,1067.0,0.8110691987513008,124.0,0.6415,100.0,0.8873239436619718,71.0,0.7114197530864197,36.0
2,31,0.852907106259746,1340.0,0.6389604993987645,1067.0,0.7678199791883454,124.0,0.6234999999999999,100.0,0.8750247966673279,71.0,0.7669753086419754,36.0
2,32,0.8451297616395634,1340.0,0.6395828154685729,1067.0,0.7770551508844954,124.0,0.5861999999999999,100.0,0.8982344772862527,71.0,0.6875,36.0
2,33,0.8377222098462909,1340.0,0.6373992194918001,1067.0,0.7460327783558792,124.0,0.6607000000000001,100.0,0.8986312239634994,71.0,0.6813271604938271,36.0
2,34,0.8529586210737359,1340.0,0.6456171293705957,1067.0,0.7358870967741935,124.0,0.6461,100.0,0.8988295973021226,71.0,0.7283950617283951,36.0
2,35,0.8486068723546447,1340.0,0.6592180512943032,1067.0,0.758779916753382,124.0,0.6466,100.0,0.9216425312438008,71.0,0.8078703703703703,36.0
2,36,0.8422031632880372,1340.0,0.6553449352606833,1067.0,0.7567637877211238,124.0,0.6675,100.0,0.870263836540369,71.0,0.6049382716049382,36.0
2,37,0.8510341946981511,1340.0,0.6461893790805181,1067.0,0.776079604578564,124.0,0.6391,100.0,0.8920849037889308,71.0,0.6273148148148148,36.0
2,38,0.8525790822009356,1340.0,0.6481186906505026,1067.0,0.7796566077003122,124.0,0.6975,100.0,0.9035905574290816,71.0,0.8009259259259259,36.0
2,39,0.8439813989752729,1340.0,0.66599194195113,1067.0,0.776079604578564,124.0,0.6649,100.0,0.8807776234874033,71.0,0.7299382716049383,36.0
2,40,0.857936065938962,1340.0,0.6456000014053714,1067.0,0.7691207075962538,124.0,0.614,100.0,0.9154929577464789,71.0,0.7770061728395061,36.0
2,41,0.8430307418133215,1340.0,0.6518885997141826,1067.0,0.7537721123829344,124.0,0.6178,100.0,0.91013687760365,71.0,0.7152777777777778,36.0
2,42,0.8378580975718422,1340.0,0.6522135918748446,1067.0,0.774388657648283,124.0,0.7096,100.0,0.8926800238048007,71.0,0.7376543209876544,36.0
2,43,0.8440913900646023,1340.0,0.6387518895659071,1067.0,0.7894120707596255,124.0,0.6407,100.0,0.919063677841698,71.0,0.7754629629629629,36.0
2,44,0.8509294943194476,1340.0,0.6381344044606492,1067.0,0.7596253902185225,124.0,0.6085,100.0,0.9075580242015473,71.0,0.7376543209876543,36.0
2,45,0.8386589440855424,1340.0,0.6472016857431209,1067.0,0.7460327783558793,124.0,0.6516,100.0,0.9226343979369173,71.0,0.8233024691358025,36.0
2,46,0.8391172867008242,1340.0,0.6421133625357821,1067.0,0.7774453694068678,124.0,0.6249,100.0,0.9022019440587186,71.0,0.7962962962962963,36.0
2,47,0.8446742036088216,1340.0,0.6381994028927817,1067.0,0.7765348595213318,124.0,0.6657,100.0,0.9079547708787938,71.0,0.7384259259259259,36.0
2,48,0.8431838939630206,1340.0,0.6464155560571951,1067.0,0.7670395421436005,124.0,0.6008,100.0,0.8849434635984923,71.0,0.6959876543209876,36.0
2,49,0.8517448206727556,1340.0,0.6695624639324578,1067.0,0.7782258064516129,124.0,0.6001000000000001,100.0,0.8968458639158897,71.0,0.7955246913580247,36.0
2,50,0.8456961461349967,1340.0,0.6620292334840301,1067.0,0.7885015608740895,124.0,0.6163,100.0,0.8831581035508826,71.0,0.7121913580246914,36.0
2,51,0.8485987970594787,1340.0,0.6595610497773804,1067.0,0.7923387096774194,124.0,0.62,100.0,0.8851418369371157,71.0,0.697530864197531,36.0
2,52,0.8471987079527735,1340.0,0.6541530045525253,1067.0,0.7168964620187305,124.0,0.7121000000000001,100.0,0.9456457052172188,71.0,0.679783950617284,36.0
2,53,0.8419358431721986,1340.0,0.6274939854491347,1067.0,0.7142299687825182,124.0,0.7047000000000001,100.0,0.9190636778416981,71.0,0.746141975308642,36.0
2,54,0.8442130764089998,1340.0,0.6628179982415289,1067.0,0.7343262226847035,124.0,0.6503999999999999,100.0,0.9145010910533623,71.0,0.7183641975308642,36.0
2,55,0.8310921140565827,1340.0,0.6584670558960166,1067.0,0.7907127991675338,124.0,0.5797,100.0,0.8883158103550882,71.0,0.7021604938271605,36.0
2,56,0.84751113833816,1340.0,0.6220885752958527,1067.0,0.7406347554630593,124.0,0.6933,100.0,0.9039873041063281,71.0,0.7052469135802468,36.0
2,57,0.843739975495656,1340.0,0.6469992244106003,1067.0,0.8082075962539023,124.0,0.5733,100.0,0.9194604245189446,71.0,0.7623456790123457,36.0
2,58,0.8348290265092448,1340.0,0.6627007375565332,1067.0,0.7873309053069719,124.0,0.645,100.0,0.9113271176353899,71.0,0.7052469135802469,36.0
2,59,0.8490883270216083,1340.0,0.6649682166450445,1067.0,0.793054110301769,124.0,0.6225,100.0,0.8902995437413211,71.0,0.7515432098765432,36.0
2,60,0.8448485186010246,1340.0,0.630804513701933,1067.0,0.7613813735691988,124.0,0.6634,100.0,0.9303709581432256,71.0,0.7361111111111112,36.0
2,61,0.8435392069503228,1340.0,0.6594292961987336,1067.0,0.772372528616025,124.0,0.646,100.0,0.9178734378099583,71.0,0.7523148148148149,36.0
2,62,0.844350634885275,1340.0,0.6653098975923352,1067.0,0.7799817898022893,124.0,0.7025,100.0,0.8924816504661773,71.0,0.7546296296296297,36.0
3,0,0.8469859656939184,1340.0,0.6650239923266716,1067.0,0.7614464099895941,124.0,0.6947000000000001,100.0,0.920452291212061,71.0,0.7299382716049383,36.0
3,1,0.851286478057474,1340.0,0.6614143834503451,1067.0,0.764828303850156,124.0,0.6713,100.0,0.892878397143424,71.0,0.7253086419753086,36.0
3,2,0.851462463800401,1340.0,0.6513791525434149,1067.0,0.776860041623309,124.0,0.5893,100.0,0.8871255703233485,71.0,0.8317901234567902,36.0
3,3,0.8494258186678547,1340.0,0.6562285625948077,1067.0,0.7636576482830385,124.0,0.6772,100.0,0.8774052767308074,71.0,0.7322530864197531,36.0
3,4,0.8430285141456895,1340.0,0.6560476210134661,1067.0,0.7711368366285121,124.0,0.6362,100.0,0.8859353302916088,71.0,0.7337962962962963,36.0
3,5,0.8388683448429494,1340.0,0.6447264751789433,1067.0,0.7762096774193549,124.0,0.6495,100.0,0.8968458639158897,71.0,0.6049382716049383,36.0
3,6,0.8523939073290266,1340.0,0.6618254546157232,1067.0,0.7256763787721123,124.0,0.6861999999999999,100.0,0.9091450109105337,71.0,0.6766975308641975,36.0
3,7,0.8455129204722656,1340.0,0.6543207707760023,1067.0,0.7985822060353799,124.0,0.6264,100.0,0.9029954374132116,71.0,0.7083333333333334,36.0
3,8,0.8422482735575852,1340.0,0.6623726711457028,1067.0,0.7602757544224766,124.0,0.7016000000000001,100.0,0.9172783177940885,71.0,0.7121913580246914,36.0
3,9,0.8447772332368011,1340.0,0.6614679632389948,1067.0,0.7458376690946931,124.0,0.6926000000000001,100.0,0.9281888514183694,71.0,0.794753086419753,36.0
3,10,0.8569330585876587,1340.0,0.6568188186271452,1067.0,0.7480489073881373,124.0,0.6621,100.0,0.8855385836143622,71.0,0.6820987654320988,36.0
3,11,0.8481371129427491,1340.0,0.6568073999836626,1067.0,0.7962408949011447,124.0,0.6364,100.0,0.8897044237254512,71.0,0.7075617283950617,36.0
3,12,0.8440008910670528,1340.0,0.6632141373346603,1067.0,0.7370577523413111,124.0,0.6105,100.0,0.9029954374132115,71.0,0.6774691358024691,36.0
3,13,0.853959679215861,1340.0,0.6642795846073173,1067.0,0.7321800208116545,124.0,0.6459,100.0,0.8887125570323348,71.0,0.7037037037037037,36.0
3,14,0.8420341390064602,1340.0,0.6638281090111542,1067.0,0.7274323621227887,124.0,0.6944,100.0,0.9351319182701845,71.0,0.6597222222222222,36.0
3,15,0.8444748273557585,1340.0,0.6495056166550577,1067.0,0.7390738813735691,124.0,0.6453000000000001,100.0,0.9202539178734378,71.0,0.7500000000000001,36.0
3,16,0.8473490755179327,1340.0,0.669515911001336,1067.0,0.7552029136316337,124.0,0.655,100.0,0.9020035707200953,71.0,0.6983024691358025,36.0
3,17,0.8431304299398529,1340.0,0.6584095235000076,1067.0,0.7584547346514048,124.0,0.6451,100.0,0.9268002380480064,71.0,0.691358024691358,36.0
3,18,0.852688794831811,1340.0,0.6445086425955807,1067.0,0.7864854318418314,124.0,0.6657,100.0,0.8950605038682801,71.0,0.7716049382716049,36.0
3,19,0.8478511361104923,1340.0,0.6631087344717428,1067.0,0.7108480749219562,124.0,0.5855,100.0,0.8982344772862527,71.0,0.8140432098765432,36.0
3,20,0.8483632212073958,1340.0,0.65298127605976,1067.0,0.7061654526534858,124.0,0.6757,100.0,0.9111287442967665,71.0,0.6658950617283951,36.0
3,21,0.8438070839830697,1340.0,0.6567406448371482,1067.0,0.7755593132154006,124.0,0.7015999999999999,100.0,0.9424717317992461,71.0,0.8425925925925926,36.0
3,22,0.8436711962575183,1340.0,0.6516321194144168,1067.0,0.7393990634755463,124.0,0.6557000000000001,100.0,0.889506050386828,71.0,0.6967592592592593,36.0
3,23,0.8434751615059033,1340.0,0.6646836289151674,1067.0,0.7230749219562954,124.0,0.6655,100.0,0.904582424122198,71.0,0.6929012345679012,36.0
3,24,0.8504382936065938,1340.0,0.643259618670009,1067.0,0.7410249739854318,124.0,0.6924,100.0,0.9027970640745884,71.0,0.5941358024691358,36.0
3,25,0.8455661060369792,1340.0,0.6650569307213332,1067.0,0.7723074921956294,124.0,0.6713,100.0,0.8942670105137869,71.0,0.7484567901234568,36.0
3,26,0.85415320784139,1340.0,0.6612369552977674,1067.0,0.7749089490114465,124.0,0.7101999999999999,100.0,0.8968458639158897,71.0,0.6805555555555556,36.0
3,27,0.8519475384272666,1340.0,0.6525008146762947,1067.0,0.7223595213319459,124.0,0.6698,100.0,0.9164848244395953,71.0,0.6574074074074074,36.0
3,28,0.8441005791935842,1340.0,0.6704676110177612,1067.0,0.7938995837669096,124.0,0.7031000000000001,100.0,0.9172783177940884,71.0,0.7121913580246914,36.0
3,29,0.8401776564936511,1340.0,0.653303633148849,1067.0,0.7808272632674297,124.0,0.6403,100.0,0.9289823447728626,71.0,0.691358024691358,36.0
3,30,0.8462859211405659,1340.0,0.6437699441979676,1067.0,0.714360041623309,124.0,0.6495,100.0,0.9127157310057528,71.0,0.7939814814814814,36.0
3,31,0.8536962575183783,1340.0,0.6702849127220378,1067.0,0.7713969823100937,124.0,0.6487,100.0,0.9000198373338625,71.0,0.7037037037037037,36.0
3,32,0.847503341501448,1340.0,0.661047230144516,1067.0,0.7423257023933403,124.0,0.6626,100.0,0.9111287442967666,71.0,0.6188271604938271,36.0
3,33,0.852288928491869,1340.0,0.662483344151766,1067.0,0.723139958376691,124.0,0.6848,100.0,0.8996230906566157,71.0,0.7368827160493827,36.0
3,34,0.8381167854756069,1340.0,0.6674346436373123,1067.0,0.7774453694068678,124.0,0.7199000000000001,100.0,0.9081531442174172,71.0,0.6736111111111112,36.0
3,35,0.8410353085319671,1340.0,0.6757913339522823,1067.0,0.7348465140478668,124.0,0.7091,100.0,0.92521325133902,71.0,0.8001543209876544,36.0
3,36,0.8507109044330586,1340.0,0.6518670799630035,1067.0,0.7774453694068678,124.0,0.6262000000000001,100.0,0.9331481848839516,71.0,0.7098765432098765,36.0
3,37,0.8481326576074849,1340.0,0.660024822374217,1067.0,0.7713969823100937,124.0,0.6601,100.0,0.9220392779210475,71.0,0.6435185185185186,36.0
3,38,0.8511305413232346,1340.0,0.6824646527107421,1067.0,0.76079604578564,124.0,0.6728000000000001,100.0,0.9214441579051775,71.0,0.7114197530864197,36.0
3,39,0.8474766094898641,1340.0,0.6719046033822023,1067.0,0.7691207075962538,124.0,0.6808,100.0,0.9158897044237254,71.0,0.6558641975308641,36.0
3,40,0.8491910781911338,1340.0,0.663265960408928,1067.0,0.7536420395421437,124.0,0.6794,100.0,0.9139059710374926,71.0,0.691358024691358,36.0
3,41,0.8478079750501225,1340.0,0.6702515351487806,1067.0,0.7849895941727367,124.0,0.6922,100.0,0.8754215433445744,71.0,0.7608024691358024,36.0
3,42,0.844587324571174,1340.0,0.6797351577397762,1067.0,0.7475936524453693,124.0,0.633,100.0,0.9061694108311843,71.0,0.6203703703703705,36.0
3,43,0.8408520828692359,1340.0,0.6546229256496989,1067.0,0.7778355879292403,124.0,0.6455,100.0,0.9111287442967666,71.0,0.7222222222222223,36.0
3,44,0.8496441300957898,1340.0,0.6687925838545652,1067.0,0.773608220603538,124.0,0.6746000000000001,100.0,0.8944653838524103,71.0,0.6404320987654321,36.0
3,45,0.8419918133214525,1340.0,0.6466513949629729,1067.0,0.7749089490114464,124.0,0.6192,100.0,0.9174766911327118,71.0,0.7800925925925926,36.0
3,46,0.8519213633325907,1340.0,0.6776543295543479,1067.0,0.7477237252861603,124.0,0.6962999999999999,100.0,0.9254116246776434,71.0,0.6836419753086419,36.0
3,47,0.8392487190911117,1340.0,0.6673973134566957,1067.0,0.7573491155046825,124.0,0.6352,100.0,0.9258083713548899,71.0,0.7067901234567902,36.0
3,48,0.8487552907106262,1340.0,0.6694390547471254,1067.0,0.7300988553590011,124.0,0.6742,100.0,0.9000198373338623,71.0,0.7191358024691358,36.0
3,49,0.8432735575852083,1340.0,0.6614965098477016,1067.0,0.7561134235171696,124.0,0.699,100.0,0.8930767704820473,71.0,0.6558641975308642,36.0
3,50,0.8411828915125862,1340.0,0.6708953709697678,1067.0,0.7246357960457857,124.0,0.6789,100.0,0.923824637968657,71.0,0.724537037037037,36.0
3,51,0.8407395856538205,1340.0,0.6697275950843617,1067.0,0.7299687825182102,124.0,0.6473000000000001,100.0,0.9075580242015473,71.0,0.7476851851851852,36.0
3,52,0.8484971597237692,1340.0,0.6606835902674508,1067.0,0.7577393340270551,124.0,0.6570999999999999,100.0,0.9293790914501091,71.0,0.720679012345679,36.0
3,53,0.8446708621073734,1340.0,0.6764834794187735,1067.0,0.7708766909469303,124.0,0.6932,100.0,0.9051775441380678,71.0,0.683641975308642,36.0
3,54,0.8412341278681221,1340.0,0.6731747078803573,1067.0,0.7761446409989594,124.0,0.6775,100.0,0.919658797857568,71.0,0.7353395061728395,36.0
3,55,0.8492231009133437,1340.0,0.6643779606127069,1067.0,0.7223595213319459,124.0,0.6362,100.0,0.9277921047411227,71.0,0.7214506172839505,36.0
3,56,0.8411725885497884,1340.0,0.6683876611895241,1067.0,0.7274973985431842,124.0,0.715,100.0,0.911525490974013,71.0,0.73070987654321,36.0
3,57,0.8518656716417911,1340.0,0.6805142605681742,1067.0,0.77159209157128,124.0,0.69,100.0,0.9152945844078556,71.0,0.6898148148148148,36.0
3,58,0.8501475829806194,1340.0,0.6668079357815491,1067.0,0.7648933402705514,124.0,0.6601999999999999,100.0,0.8922832771275541,71.0,0.6280864197530864,36.0
3,59,0.8437920472265538,1340.0,0.674555924563171,1067.0,0.7478537981269511,124.0,0.6786,100.0,0.8807776234874033,71.0,0.7368827160493827,36.0
3,60,0.8371285364223657,1340.0,0.6532324862163799,1067.0,0.7596904266389177,124.0,0.7013,100.0,0.916286451100972,71.0,0.6620370370370371,36.0
3,61,0.8399376253063044,1340.0,0.6692374717717957,1067.0,0.7358220603537982,124.0,0.7007,100.0,0.9198571711961911,71.0,0.6381172839506173,36.0
3,62,0.8432908220093562,1340.0,0.6632185291206152,1067.0,0.7652835587929241,124.0,0.7080000000000001,100.0,0.9166831977782186,71.0,0.7893518518518519,36.0
4,0,0.8402149699264869,1340.0,0.6830439292781924,1067.0,0.7784859521331946,124.0,0.7335,100.0,0.9252132513390201,71.0,0.7276234567901234,36.0
4,1,0.8441267542882602,1340.0,0.6600863073775856,1067.0,0.7459677419354838,124.0,0.7152999999999999,100.0,0.8930767704820473,71.0,0.6936728395061728,36.0
4,2,0.8402517264424147,1340.0,0.6678659170180827,1067.0,0.7594302809573361,124.0,0.7372,100.0,0.9016068240428486,71.0,0.6257716049382716,36.0
4,3,0.8453670082423703,1340.0,0.6725053997008315,1067.0,0.7779656607700313,124.0,0.6492,100.0,0.9271969847252529,71.0,0.6774691358024691,36.0
4,4,0.848539763867231,1340.0,0.6808840489455762,1067.0,0.7505853277835588,124.0,0.6614,100.0,0.9192620511803213,71.0,0.7299382716049383,36.0
4,5,0.8461494764981065,1340.0,0.6732401454910851,1067.0,0.7609261186264308,124.0,0.6881,100.0,0.8966474905772663,71.0,0.7608024691358025,36.0
4,6,0.8416991534862998,1340.0,0.674974900943268,1067.0,0.7315946930280958,124.0,0.6819000000000001,100.0,0.9192620511803212,71.0,0.7322530864197532,36.0
4,7,0.8406554912007129,1340.0,0.6743912325898624,1067.0,0.7344562955254943,124.0,0.6947000000000001,100.0,0.9146994643919857,71.0,0.7492283950617284,36.0
4,8,0.8405903319224771,1340.0,0.6719318324551226,1067.0,0.7855749219562955,124.0,0.6836000000000001,100.0,0.9432652251537392,71.0,0.6813271604938271,36.0
4,9,0.8539635776342169,1340.0,0.6704579490886604,1067.0,0.7972814776274715,124.0,0.6805,100.0,0.9158897044237254,71.0,0.6952160493827161,36.0
4,10,0.8387914903096458,1340.0,0.6691008872285986,1067.0,0.7411550468262227,124.0,0.6287,100.0,0.9180718111485816,71.0,0.5848765432098766,36.0
4,11,0.8516206282022724,1340.0,0.6676586247210117,1067.0,0.740894901144641,124.0,0.701,100.0,0.9268002380480063,71.0,0.7353395061728395,36.0
4,12,0.8479675317442638,1340.0,0.6624657770079465,1067.0,0.7280176899063475,124.0,0.6857000000000001,100.0,0.9166831977782186,71.0,0.7384259259259259,36.0
4,13,0.8452634216974828,1340.0,0.6596936817132182,1067.0,0.7400494276795005,124.0,0.7093,100.0,0.9091450109105336,71.0,0.646604938271605,36.0
4,14,0.8422958899532189,1340.0,0.6699880279914869,1067.0,0.7400494276795005,124.0,0.6313,100.0,0.8899027970640745,71.0,0.6875,36.0
4,15,0.8399142347961683,1340.0,0.6799714358241493,1067.0,0.7133844953173777,124.0,0.6608999999999999,100.0,0.9018051973814719,71.0,0.6280864197530864,36.0
4,16,0.8574805079082201,1340.0,0.673205011203446,1067.0,0.7703563995837669,124.0,0.6618999999999999,100.0,0.9113271176353899,71.0,0.7299382716049383,36.0
4,17,0.842070617063934,1340.0,0.6710117532975725,1067.0,0.7324401664932362,124.0,0.7327,100.0,0.9029954374132116,71.0,0.6813271604938271,36.0
4,18,0.8367186455780797,1340.0,0.6491472469211386,1067.0,0.7965010405827263,124.0,0.6848,100.0,0.9349335449315612,71.0,0.7700617283950617,36.0
4,19,0.8423407217643127,1340.0,0.6781681685110704,1067.0,0.7602757544224765,124.0,0.6714,100.0,0.9232295179527871,71.0,0.6558641975308642,36.0
4,20,0.8442723880597014,1340.0,0.6629317454977607,1067.0,0.7485691987513007,124.0,0.6396000000000001,100.0,0.9103352509422733,71.0,0.7854938271604938,36.0
4,21,0.8509317219870796,1340.0,0.7018653671664812,1067.0,0.7419354838709676,124.0,0.6769,100.0,0.9410831184288831,71.0,0.6195987654320988,36.0
4,22,0.8468957451548229,1340.0,0.6712432004173954,1067.0,0.7088319458896981,124.0,0.7212000000000001,100.0,0.907954770878794,71.0,0.6929012345679012,36.0
4,23,0.8425751837825797,1340.0,0.6625233094039555,1067.0,0.7703563995837669,124.0,0.69,100.0,0.8912914104344376,71.0,0.7091049382716049,36.0
4,24,0.8376988193361551,1340.0,0.6742357633670594,1067.0,0.7457726326742976,124.0,0.6668000000000001,100.0,0.8825629835350128,71.0,0.716820987654321,36.0
4,25,0.834374025395411,1340.0,0.6704193013722575,1067.0,0.7520811654526535,124.0,0.6702999999999999,100.0,0.9103352509422734,71.0,0.6427469135802469,36.0
4,26,0.8429257629761638,1340.0,0.6735339559714675,1067.0,0.7618366285119667,124.0,0.6368,100.0,0.8938702638365403,71.0,0.6273148148148148,36.0
4,27,0.8471257518378258,1340.0,0.6819310507172227,1067.0,0.7622268470343392,124.0,0.5781,100.0,0.9232295179527872,71.0,0.7299382716049383,36.0
4,28,0.8408960793049678,1340.0,0.6689533232205143,1067.0,0.7112382934443288,124.0,0.6677,100.0,0.8930767704820471,71.0,0.7762345679012347,36.0
4,29,0.8391195143684561,1340.0,0.68781692225397,1067.0,0.7879812695109261,124.0,0.632,100.0,0.929379091450109,71.0,0.6790123456790123,36.0
4,30,0.8510787480507908,1340.0,0.6803052115567212,1067.0,0.7591701352757544,124.0,0.6623,100.0,0.9156913310851021,71.0,0.7083333333333334,36.0
4,31,0.8374220316328804,1340.0,0.6895139083469406,1067.0,0.778225806451613,124.0,0.6520999999999999,100.0,0.9250148780003967,71.0,0.5802469135802469,36.0
4,32,0.8401275339719314,1340.0,0.6701742397159745,1067.0,0.7371227887617066,124.0,0.7471,100.0,0.9176750644713351,71.0,0.7121913580246914,36.0
4,33,0.8432774560035643,1340.0,0.6689331210051217,1067.0,0.7163111342351717,124.0,0.6728,100.0,0.9010117040269787,71.0,0.7044753086419753,36.0
4,34,0.8479661394519937,1340.0,0.6798884310696018,1067.0,0.7277575442247659,124.0,0.6605,100.0,0.9357270382860543,71.0,0.7368827160493827,36.0
4,35,0.842945533526398,1340.0,0.6651434489046446,1067.0,0.7368626430801248,124.0,0.6854,100.0,0.9035905574290816,71.0,0.7399691358024691,36.0
4,36,0.8342698819336156,1340.0,0.6680279739198184,1067.0,0.6930280957336108,124.0,0.6449,100.0,0.9194604245189447,71.0,0.7152777777777778,36.0
4,37,0.8442456560481175,1340.0,0.6649361566075738,1067.0,0.7328954214360041,124.0,0.6928,100.0,0.9387026383654037,71.0,0.6296296296296295,36.0
4,38,0.8456900200490086,1340.0,0.672278783545559,1067.0,0.7412200832466181,124.0,0.7058,100.0,0.9234278912914105,71.0,0.6373456790123457,36.0
4,39,0.8526358877255513,1340.0,0.6744658929510957,1067.0,0.7397892819979188,124.0,0.6254,100.0,0.919658797857568,71.0,0.8287037037037037,36.0
4,40,0.850625974604589,1340.0,0.6810843143851191,1067.0,0.7459027055150884,124.0,0.7367,100.0,0.9043840507835748,71.0,0.7075617283950617,36.0
4,41,0.8456301514813989,1340.0,0.6651553067267229,1067.0,0.7372528616024974,124.0,0.6789,100.0,0.9246181313231502,71.0,0.5902777777777778,36.0
4,42,0.8477511695255068,1340.0,0.6640503333804718,1067.0,0.736277315296566,124.0,0.604,100.0,0.9412814917675064,71.0,0.7638888888888888,36.0
4,43,0.8481089886388951,1340.0,0.6608302759183444,1067.0,0.7482440166493236,124.0,0.6484,100.0,0.9228327712755405,71.0,0.6975308641975307,36.0
4,44,0.8415588104254845,1340.0,0.6818506810342481,1067.0,0.7470083246618106,124.0,0.6845000000000001,100.0,0.9172783177940885,71.0,0.6666666666666666,36.0
4,45,0.8419803965248384,1340.0,0.6818028105673396,1067.0,0.7520811654526534,124.0,0.6980000000000001,100.0,0.9162864511009721,71.0,0.6296296296296297,36.0
4,46,0.8477550679438628,1340.0,0.6636397013936894,1067.0,0.6988813735691987,124.0,0.6283000000000001,100.0,0.9123189843285063,71.0,0.5763888888888888,36.0
4,47,0.8442843617732234,1340.0,0.6687508618879937,1067.0,0.7501300728407909,124.0,0.7159,100.0,0.9264034913707598,71.0,0.6766975308641976,36.0
4,48,0.8536294274894186,1340.0,0.6701786315019292,1067.0,0.764047866805411,124.0,0.7161,100.0,0.9047807974608213,71.0,0.7052469135802469,36.0
4,49,0.8311806638449544,1340.0,0.6863887134614388,1067.0,0.7390088449531739,124.0,0.6524,100.0,0.9226343979369173,71.0,0.6234567901234568,36.0
4,50,0.8570967921586099,1340.0,0.6684386059066008,1067.0,0.7079864724245577,124.0,0.7247999999999999,100.0,0.9022019440587186,71.0,0.6396604938271604,36.0
4,51,0.8524654711517042,1340.0,0.653155629962169,1067.0,0.7630072840790842,124.0,0.7028,100.0,0.907359650862924,71.0,0.7530864197530864,36.0
4,52,0.850392626420138,1340.0,0.6816543682020643,1067.0,0.7188475546305931,124.0,0.7147000000000001,100.0,0.91073199761952,71.0,0.679783950617284,36.0
4,53,0.8420110269547784,1340.0,0.6655698913208647,1067.0,0.7370577523413112,124.0,0.6769,100.0,0.9329498115453283,71.0,0.6998456790123457,36.0
4,54,0.8475930051236354,1340.0,0.6669576956826109,1067.0,0.7357570239334028,124.0,0.6534,100.0,0.9333465582225748,71.0,0.6427469135802469,36.0
4,55,0.8452756738694588,1340.0,0.6758905883148628,1067.0,0.7592351716961498,124.0,0.7213,100.0,0.9083515175560405,71.0,0.6674382716049383,36.0
4,56,0.8415877701047004,1340.0,0.6681390861044771,1067.0,0.741350156087409,124.0,0.5734,100.0,0.8906962904185677,71.0,0.7029320987654321,36.0
