0,RXNORM:60207,dorzolamide,0.0
0,LOINC:6288-5,Yellow Hornet IgE Qn,0
0,LOINC:65771-8,Peanut (nAra h) 3 IgE Qn,0
0,LOINC:LP36909-7,Ethyl glucuronide,0
0,PheCode:750.21,congenital anomalies of intestine,0
0,LOINC:2093-3,Cholest SerPl-mCnc,0.0
0,LOINC:LP15959-7,Clotting time,0.1
0,RXNORM:1425099,trametinib,0.0
0,LOINC:2064-4,Ceruloplasmin SerPl-mCnc,0.1
0,LOINC:LP286254-0,IgG clearance/Albumin clearance,0.1
0,LOINC:6237-2,Salmon IgE Qn,0.0
0,LOINC:LP14597-6,Platelets,0.1
0,PheCode:599.5,frequency of urination and polyuria,0.1
0,LOINC:54143-3,G vaginalis DNA Vag Ql Probe+sig amp,0
0,LOINC:LP40013-2,Tissue Transglutaminase IgG,0.1
0,CCS:109,procedures on the urethra,0.0
0,CCS:12,other therapeutic endocrine procedures,0.1
0,PheCode:367.2,astigmatism,0.0
0,LOINC:LP18888-5,Alpha hydroxyalprazolam,0.0
0,LOINC:LP21311-3,Indinavir,0.0
0,RXNORM:1111,arsenic,0
0,LOINC:33980-4,VGCC-P/Q Bind Ab Ser-sCnc,0.1
0,LOINC:3312-6,Alpraz SerPl-mCnc,0.0
0,PheCode:433.8,late effects of cerebrovascular disease,0.0
0,PheCode:290.12,dementia with cerebral degenerations,0.0
0,CCS:215,other physical therapy and rehabilitation,0.5
0,RXNORM:84857,anastrozole,0.0
0,LOINC:7830-3,C burnet Ph2 IgG Ser-aCnc,0.0
0,LOINC:LP15650-2,Hydroxyproline,0.2
0,LOINC:32730-4,Beta1 Glob SerPl Elph-mCnc,0.1
0,LOINC:2666-6,Norepineph Plas-mCnc,0.0
0,LOINC:LP228620-3,HFE gene mutations tested for,0.1
0,PheCode:795.8,abnormal tumor markers,0.1
0,LOINC:30161-4,Citrulline/Creat Ur-Rto,0.75
0,LOINC:7556-4,Ovalb IgE Qn,0.1
0,RXNORM:461016,eszopiclone,0.0
0,LOINC:22191-1,C trach IgG Titr Ser,0.0
0,CCS:74,"gastrectomy, partial and total",0.05
0,LOINC:LP14499-5,Follitropin,0.0
0,PheCode:286.1,congenital coagulation defects,0.0
0,LOINC:10579-1,WBC # Smn,0.1
0,LOINC:LP286666-5,N-methylhistamine/Creatinine,0.1
0,PheCode:690,erythematosquamous dermatosis,0.1
0,LOINC:LP15428-3,Base deficit,0.0
0,PheCode:614.5,"inflammatory disease of cervix, vagina, and vulva",0.1
0,LOINC:33224-7,Fine Gran Casts #/area UrnS HPF,0
0,LOINC:19520-6,LORazepam Ur Ql Scn,0.0
0,PheCode:528.12,oral aphthae,0.2
0,LOINC:LP37442-8,Brucella sp IgM,0.0
0,LOINC:LP16478-7,Leukocyte phosphatase,0.1
0,LOINC:20440-4,Glucose 1.5h p Glc SerPl-mCnc,0.0
0,LOINC:LP62821-1,Glomerular filtration rate.predicted among blacks,0.0
0,LOINC:56540-8,GAD65 Ab Ser IA-aCnc,0.1
0,PheCode:324,other cns infection and poliomyelitis,0.0
0,RXNORM:3255,desoximetasone,0.5
0,PheCode:478,throat pain,0.1
0,PheCode:512.2,painful respiration,0.1
0,RXNORM:2582,clindamycin,0.0
0,LOINC:X1740-0,carbon dioxide (poc) (group:co2-poc),0.1
0,LOINC:21397-5,Mononuc Cells # Fld Manual,0.1
0,LOINC:X1671-7,"creatinine, time ur (mg/dl) (group:tu-cre)",0.1
0,LOINC:35126-2,Hgb O-Arab MFr Bld,0.0
0,RXNORM:1482790,simeprevir,0.0
0,LOINC:LP38580-4,Human papilloma virus 16+18+31+33+35+45+51+52+56 DNA,0.0
0,LOINC:X7176-1,norbuprenorphine-glucuronide (group:norbup-gluc),0.0
0,LOINC:LP147747-2,Brazil Nut (Bertholletia excelsa) IgE,0.0
0,LOINC:XC458-0,"tco2, cap, nicu (group:tco2cn)",0.0
0,LOINC:LP14643-8,Alpha 1 antitrypsin,0.1
0,LOINC:19928-1,Gas deliv source Respiratory,0
0,LOINC:LP17104-8,dRVVT,0.0
0,LOINC:LP16098-3,cycloSPORINE,0.75
0,LOINC:6075-6,C herbarum IgE Qn,0.0
0,PheCode:871,open wounds of extremities,0.1
0,LOINC:22080-6,HAdV Ab Titr Ser,0.0
0,LOINC:2357-2,G6PD RBC-cCnc,0.0
0,LOINC:33226-2,Coarse Gran Casts #/area UrnS HPF,0.0
0,CCS:38,other diagnostic procedures on lung and bronchus,0.1
0,PheCode:747,cardiac and circulatory congenital anomalies,0.1
0,LOINC:X1604-8,"protein, timed urine (mg/tv) (group:utpmgtv)",0.1
0,LOINC:3160-9,Specimen vol Smn,0
0,RXNORM:1008340,"docusate / sennosides, USP",0.0
0,LOINC:11254-0,C pneum Ab Titr Ser,0.0
0,RXNORM:214599,guaifenesin / pseudoephedrine,0.0
0,PheCode:647,infectious and parasitic complications affecting pregnancy,0.0
0,LOINC:LP174025-9,Coagulation factor X activity actual/Normal,0.1
0,PheCode:743.4,stress fracture,0.1
0,PheCode:317.11,alcoholic liver damage,0
0,PheCode:729.7,nontraumatic compartment syndrome,0.1
0,LOINC:LP38345-2,Hepatitis D virus Ab,0
0,LOINC:X1174-2,hct (bg) (group:hct bg),0.1
0,PheCode:789,nausea and vomiting,0.1
0,LOINC:20455-2,WBC UrnS Ql Micro,0.0
0,LOINC:13451-0,Creat Cl Dial fld+SerPl-vRate,0.1
0,RXNORM:91211,Fat emulsion,0.0
0,LOINC:LP148152-4,Penicillium notatum IgE,0.0
0,RXNORM:8691,primidone,0.0
0,RXNORM:70727,fiber,0
0,LOINC:20993-2,Deprecated C trach rRNA XXX Ql Prb,0
0,LOINC:LP39754-4,Sjogrens syndrome-B extractable nuclear Ab,0.5
0,LOINC:LP148062-5,Cocksfoot (Dactylis glomerata) IgE,0.0
